municipality_code,ine_code,municipality_name,nuts3_code
34110606038,1106038,Cordobilla de Lácara,ES431
34010404001,0104001,Abla,ES611
34010404002,0104002,Abrucena,ES611
34010404003,0104003,Adra,ES611
34010404004,0104004,Albanchez,ES611
34010404005,0104005,Alboloduy,ES611
34010404006,0104006,Albox,ES611
34010404007,0104007,Alcolea,ES611
34010404008,0104008,Alcóntar,ES611
34010404009,0104009,Alcudia de Monteagud,ES611
34010404010,0104010,Alhabia,ES611
34010404011,0104011,Alhama de Almería,ES611
34010404012,0104012,Alicún,ES611
34010404013,0104013,Almería,ES611
34110606039,1106039,La Coronada,ES431
34010404014,0104014,Almócita,ES611
34010404015,0104015,Alsodux,ES611
34010404016,0104016,Antas,ES611
34010404017,0104017,Arboleas,ES611
34010404018,0104018,Armuña de Almanzora,ES611
34010404019,0104019,Bacares,ES611
34111010001,1110001,Abadía,ES432
34010404020,0104020,Bayárcal,ES611
34010404021,0104021,Bayarque,ES611
34010404022,0104022,Bédar,ES611
34110606040,1106040,Corte de Peleas,ES431
34010404023,0104023,Beires,ES611
34010404024,0104024,Benahadux,ES611
34010404026,0104026,Benitagla,ES611
34010404027,0104027,Benizalón,ES611
34110606041,1106041,Cristina,ES431
34010404028,0104028,Bentarique,ES611
34010404029,0104029,Berja,ES611
34111010114,1110114,Majadas,ES432
34010404030,0104030,Canjáyar,ES611
34010404031,0104031,Cantoria,ES611
34010404032,0104032,Carboneras,ES611
34010404033,0104033,Castro de Filabres,ES611
34010404034,0104034,Cóbdar,ES611
34010404035,0104035,Cuevas del Almanzora,ES611
34010404036,0104036,Chercos,ES611
34010404037,0104037,Chirivel,ES611
34010404038,0104038,Dalías,ES611
34010404041,0104041,Enix,ES611
34010404043,0104043,Felix,ES611
34153131036,1531036,Arróniz,ES220
34010404044,0104044,Fines,ES611
34010404045,0104045,Fiñana,ES611
34010404046,0104046,Fondón,ES611
34010404047,0104047,Gádor,ES611
34010404048,0104048,Los Gallardos,ES611
34010404049,0104049,Garrucha,ES611
34010404050,0104050,Gérgal,ES611
34153131037,1531037,Arruazu,ES220
34010404051,0104051,Huécija,ES611
34010404052,0104052,Huércal de Almería,ES611
34010404053,0104053,Huércal-Overa,ES611
34010404054,0104054,Íllar,ES611
34010404055,0104055,Instinción,ES611
34010404056,0104056,Laroya,ES611
34010404057,0104057,Láujar de Andarax,ES611
34010404058,0104058,Líjar,ES611
34010404059,0104059,Lubrín,ES611
34010404060,0104060,Lucainena de las Torres,ES611
34010404061,0104061,Lúcar,ES611
34010404062,0104062,Macael,ES611
34010404063,0104063,María,ES611
34010404064,0104064,Mojácar,ES611
34010404065,0104065,Nacimiento,ES611
34010404066,0104066,Níjar,ES611
34010404067,0104067,Ohanes,ES611
34110606042,1106042,Cheles,ES431
34010404068,0104068,Olula de Castro,ES611
34110606043,1106043,Don Álvaro,ES431
34110606044,1106044,Don Benito,ES431
34010404069,0104069,Olula del Río,ES611
34010404070,0104070,Oria,ES611
34010404071,0104071,Padules,ES611
34110606045,1106045,Entrín Bajo,ES431
34010404072,0104072,Partaloa,ES611
34010404073,0104073,Paterna del Río,ES611
34010404074,0104074,Pechina,ES611
34010404075,0104075,Pulpí,ES611
34010404076,0104076,Purchena,ES611
34010404077,0104077,Rágol,ES611
34010404078,0104078,Rioja,ES611
34010404079,0104079,Roquetas de Mar,ES611
34010404080,0104080,Santa Cruz de Marchena,ES611
34110606046,1106046,Esparragalejo,ES431
34010404081,0104081,Santa Fe de Mondújar,ES611
34010404082,0104082,Senés,ES611
34010404083,0104083,Serón,ES611
34010404084,0104084,Sierro,ES611
34010404085,0104085,Somontín,ES611
34010404086,0104086,Sorbas,ES611
34010404087,0104087,Suflí,ES611
34110606047,1106047,Esparragosa de la Serena,ES431
34110606048,1106048,Esparragosa de Lares,ES431
34010404088,0104088,Tabernas,ES611
34010404089,0104089,Taberno,ES611
34010404090,0104090,Tahal,ES611
34010404091,0104091,Terque,ES611
34010404092,0104092,Tíjola,ES611
34010404093,0104093,Turre,ES611
34010404094,0104094,Turrillas,ES611
34010404095,0104095,Uleila del Campo,ES611
34010404096,0104096,Urrácal,ES611
34111010115,1110115,Malpartida de Cáceres,ES432
34111010116,1110116,Malpartida de Plasencia,ES432
34010404097,0104097,Velefique,ES611
34010404098,0104098,Vélez-Blanco,ES611
34010404099,0104099,Vélez-Rubio,ES611
34010404100,0104100,Vera,ES611
34010404101,0104101,Viator,ES611
34111010117,1110117,Marchagaz,ES432
34010404102,0104102,Vícar,ES611
34111010118,1110118,Mata de Alcántara,ES432
34111010119,1110119,Membrío,ES432
34111010120,1110120,Mesas de Ibor,ES432
34010404103,0104103,Zurgena,ES611
34010404901,0104901,Las Tres Villas,ES611
34010404902,0104902,El Ejido,ES611
34010404903,0104903,La Mojonera,ES611
34010404904,0104904,Balanegra,ES611
34011111001,0111001,Alcalá de los Gazules,ES612
34111010122,1110122,Millanes,ES432
34011111002,0111002,Alcalá del Valle,ES612
34011111003,0111003,Algar,ES612
34011111004,0111004,Algeciras,ES612
34011111005,0111005,Algodonales,ES612
34011111006,0111006,Arcos de la Frontera,ES612
34011111007,0111007,Barbate,ES612
34011111008,0111008,Los Barrios,ES612
34011111009,0111009,Benaocaz,ES612
34011111010,0111010,Bornos,ES612
34011111011,0111011,El Bosque,ES612
34011111012,0111012,Cádiz,ES612
34011111013,0111013,Castellar de la Frontera,ES612
34011111014,0111014,Conil de la Frontera,ES612
34153131042,1531042,Azagra,ES220
34011111015,0111015,Chiclana de la Frontera,ES612
34011111016,0111016,Chipiona,ES612
34153131043,1531043,Azuelo,ES220
34011111017,0111017,Espera,ES612
34153131044,1531044,Bakaiku,ES220
34011111018,0111018,El Gastor,ES612
34153131045,1531045,Barásoain,ES220
34011111019,0111019,Grazalema,ES612
34011111020,0111020,Jerez de la Frontera,ES612
34011111021,0111021,Jimena de la Frontera,ES612
34011111022,0111022,La Línea de la Concepción,ES612
34011111023,0111023,Medina Sidonia,ES612
34011111024,0111024,Olvera,ES612
34011111025,0111025,Paterna de Rivera,ES612
34011111026,0111026,Prado del Rey,ES612
34011111027,0111027,El Puerto de Santa María,ES612
34011111028,0111028,Puerto Real,ES612
34111010002,1110002,Abertura,ES432
34011111029,0111029,Puerto Serrano,ES612
34011111030,0111030,Rota,ES612
34011111031,0111031,San Fernando,ES612
34011111032,0111032,Sanlúcar de Barrameda,ES612
34011111033,0111033,San Roque,ES612
34011111034,0111034,Setenil de las Bodegas,ES612
34011111035,0111035,Tarifa,ES612
34011111036,0111036,Torre Alháquime,ES612
34011111037,0111037,Trebujena,ES612
34011111038,0111038,Ubrique,ES612
34011111039,0111039,Vejer de la Frontera,ES612
34011111040,0111040,Villaluenga del Rosario,ES612
34011111041,0111041,Villamartín,ES612
34011111042,0111042,Zahara,ES612
34011111901,0111901,Benalup-Casas Viejas,ES612
34011111902,0111902,San José del Valle,ES612
34011111903,0111903,San Martín del Tesorillo,ES612
34011414001,0114001,Adamuz,ES613
34011414002,0114002,Aguilar de la Frontera,ES613
34011414003,0114003,Alcaracejos,ES613
34011414004,0114004,Almedinilla,ES613
34011414005,0114005,Almodóvar del Río,ES613
34011414006,0114006,Añora,ES613
34011414007,0114007,Baena,ES613
34011414008,0114008,Belalcázar,ES613
34011414009,0114009,Belmez,ES613
34011414010,0114010,Benamejí,ES613
34153131046,1531046,Barbarin,ES220
34011414011,0114011,Los Blázquez,ES613
34011414012,0114012,Bujalance,ES613
34011414013,0114013,Cabra,ES613
34011414014,0114014,Cañete de las Torres,ES613
34011414015,0114015,Carcabuey,ES613
34011414016,0114016,Cardeña,ES613
34011414017,0114017,La Carlota,ES613
34153131047,1531047,Bargota,ES220
34011414018,0114018,El Carpio,ES613
34011414019,0114019,Castro del Río,ES613
34111010003,1110003,Acebo,ES432
34111010004,1110004,Acehúche,ES432
34011414020,0114020,Conquista,ES613
34011414021,0114021,Córdoba,ES613
34011414022,0114022,Doña Mencía,ES613
34011414023,0114023,Dos Torres,ES613
34011414024,0114024,Encinas Reales,ES613
34011414025,0114025,Espejo,ES613
34011414026,0114026,Espiel,ES613
34011414027,0114027,Fernán-Núñez,ES613
34011414028,0114028,Fuente la Lancha,ES613
34011414029,0114029,Fuente Obejuna,ES613
34011414030,0114030,Fuente Palmera,ES613
34011414031,0114031,Fuente-Tójar,ES613
34011414032,0114032,La Granjuela,ES613
34111010005,1110005,Aceituna,ES432
34153131048,1531048,Barillas,ES220
34011414033,0114033,Guadalcázar,ES613
34011414034,0114034,El Guijo,ES613
34011414035,0114035,Hinojosa del Duque,ES613
34011414036,0114036,Hornachuelos,ES613
34011414037,0114037,Iznájar,ES613
34011414038,0114038,Lucena,ES613
34011414039,0114039,Luque,ES613
34011414040,0114040,Montalbán de Córdoba,ES613
34011414041,0114041,Montemayor,ES613
34011414042,0114042,Montilla,ES613
34011414043,0114043,Montoro,ES613
34011414044,0114044,Monturque,ES613
34011414045,0114045,Moriles,ES613
34011414046,0114046,Nueva Carteya,ES613
34011414047,0114047,Obejo,ES613
34011414048,0114048,Palenciana,ES613
34011414049,0114049,Palma del Río,ES613
34011414050,0114050,Pedro Abad,ES613
34011414051,0114051,Pedroche,ES613
34011414052,0114052,Peñarroya-Pueblonuevo,ES613
34011414053,0114053,Posadas,ES613
34011414054,0114054,Pozoblanco,ES613
34011414055,0114055,Priego de Córdoba,ES613
34011414056,0114056,Puente Genil,ES613
34011414057,0114057,La Rambla,ES613
34011414058,0114058,Rute,ES613
34011414059,0114059,San Sebastián de los Ballesteros,ES613
34011414060,0114060,Santaella,ES613
34011414061,0114061,Santa Eufemia,ES613
34011414062,0114062,Torrecampo,ES613
34011414063,0114063,Valenzuela,ES613
34011414064,0114064,Valsequillo,ES613
34011414065,0114065,La Victoria,ES613
34011414066,0114066,Villa del Río,ES613
34011414067,0114067,Villafranca de Córdoba,ES613
34011414068,0114068,Villaharta,ES613
34011414069,0114069,Villanueva de Córdoba,ES613
34011414070,0114070,Villanueva del Duque,ES613
34011414071,0114071,Villanueva del Rey,ES613
34011414072,0114072,Villaralto,ES613
34011414073,0114073,Villaviciosa de Córdoba,ES613
34011414074,0114074,El Viso,ES613
34011414075,0114075,Zuheros,ES613
34011414901,0114901,Fuente Carreteros,ES613
34011414902,0114902,La Guijarrosa,ES613
34011818001,0118001,Agrón,ES614
34111010006,1110006,Ahigal,ES432
34011818002,0118002,Alamedilla,ES614
34011818003,0118003,Albolote,ES614
34011818004,0118004,Albondón,ES614
34011818005,0118005,Albuñán,ES614
34011818006,0118006,Albuñol,ES614
34111010007,1110007,Albalá,ES432
34111010008,1110008,Alcántara,ES432
34011818007,0118007,Albuñuelas,ES614
34011818010,0118010,Aldeire,ES614
34011818011,0118011,Alfacar,ES614
34011818012,0118012,Algarinejo,ES614
34011818013,0118013,Alhama de Granada,ES614
34011818014,0118014,Alhendín,ES614
34011818015,0118015,Alicún de Ortega,ES614
34011818016,0118016,Almegíjar,ES614
34011818017,0118017,Almuñécar,ES614
34011818018,0118018,Alquife,ES614
34011818020,0118020,Arenas del Rey,ES614
34011818021,0118021,Armilla,ES614
34011818022,0118022,Atarfe,ES614
34011818023,0118023,Baza,ES614
34011818024,0118024,Beas de Granada,ES614
34011818025,0118025,Beas de Guadix,ES614
34153131049,1531049,Basaburua,ES220
34011818027,0118027,Benalúa,ES614
34153131050,1531050,Baztan,ES220
34011818028,0118028,Benalúa de las Villas,ES614
34011818029,0118029,Benamaurel,ES614
34011818030,0118030,Bérchules,ES614
34011818032,0118032,Bubión,ES614
34153131051,1531051,Beire,ES220
34011818033,0118033,Busquístar,ES614
34153131052,1531052,Belascoáin,ES220
34153131053,1531053,Berbinzana,ES220
34011818034,0118034,Cacín,ES614
34153131058,1531058,Auritz/Burguete,ES220
34011818035,0118035,Cádiar,ES614
34011818036,0118036,Cájar,ES614
34011818037,0118037,Calicasas,ES614
34011818038,0118038,Campotéjar,ES614
34011818039,0118039,Caniles,ES614
34153131059,1531059,Burgui/Burgi,ES220
34011818040,0118040,Cáñar,ES614
34011818042,0118042,Capileira,ES614
34011818043,0118043,Carataunas,ES614
34011818044,0118044,Cástaras,ES614
34011818045,0118045,Castilléjar,ES614
34011818046,0118046,Castril,ES614
34011818047,0118047,Cenes de la Vega,ES614
34011818048,0118048,Cijuela,ES614
34153131060,1531060,Burlada/Burlata,ES220
34011818049,0118049,Cogollos de Guadix,ES614
34153131061,1531061,El Busto,ES220
34011818050,0118050,Cogollos de la Vega,ES614
34011818051,0118051,Colomera,ES614
34011818053,0118053,Cortes de Baza,ES614
34011818054,0118054,Cortes y Graena,ES614
34011818056,0118056,Cúllar,ES614
34011818057,0118057,Cúllar Vega,ES614
34011818059,0118059,Chauchina,ES614
34153131064,1531064,Cadreita,ES220
34011818061,0118061,Chimeneas,ES614
34011818062,0118062,Churriana de la Vega,ES614
34011818063,0118063,Darro,ES614
34011818064,0118064,Dehesas de Guadix,ES614
34011818065,0118065,Dehesas Viejas,ES614
34111010009,1110009,Alcollarín,ES432
34111010010,1110010,Alcuéscar,ES432
34111010011,1110011,Aldeacentenera,ES432
34011818066,0118066,Deifontes,ES614
34011818067,0118067,Diezma,ES614
34011818068,0118068,Dílar,ES614
34011818069,0118069,Dólar,ES614
34011818070,0118070,Dúdar,ES614
34011818071,0118071,Dúrcal,ES614
34011818072,0118072,Escúzar,ES614
34011818074,0118074,Ferreira,ES614
34011818076,0118076,Fonelas,ES614
34011818077,0118077,Fornes,ES614
34011818078,0118078,Freila,ES614
34011818079,0118079,Fuente Vaqueros,ES614
34011818082,0118082,Galera,ES614
34011818083,0118083,Gobernador,ES614
34011818084,0118084,Gójar,ES614
34011818085,0118085,Gor,ES614
34011818086,0118086,Gorafe,ES614
34011818087,0118087,Granada,ES614
34011818088,0118088,Guadahortuna,ES614
34011818089,0118089,Guadix,ES614
34011818093,0118093,Gualchos,ES614
34011818094,0118094,Güéjar Sierra,ES614
34011818095,0118095,Güevéjar,ES614
34111010012,1110012,Aldea del Cano,ES432
34011818096,0118096,Huélago,ES614
34011818097,0118097,Huéneja,ES614
34011818098,0118098,Huéscar,ES614
34011818099,0118099,Huétor de Santillán,ES614
34011818100,0118100,Huétor Tájar,ES614
34011818101,0118101,Huétor Vega,ES614
34011818102,0118102,Íllora,ES614
34011818103,0118103,Ítrabo,ES614
34011818105,0118105,Iznalloz,ES614
34011818106,0118106,Játar,ES614
34011818107,0118107,Jayena,ES614
34011818108,0118108,Jérez del Marquesado,ES614
34011818109,0118109,Jete,ES614
34011818111,0118111,Jun,ES614
34011818112,0118112,Juviles,ES614
34111010014,1110014,Aldeanueva de la Vera,ES432
34011818114,0118114,La Calahorra,ES614
34011818115,0118115,Láchar,ES614
34111010015,1110015,Aldeanueva del Camino,ES432
34011818116,0118116,Lanjarón,ES614
34011818117,0118117,Lanteira,ES614
34011818119,0118119,Lecrín,ES614
34111010016,1110016,Aldehuela de Jerte,ES432
34111010017,1110017,Alía,ES432
34011818120,0118120,Lentegí,ES614
34011818121,0118121,Lobras,ES614
34011818122,0118122,Loja,ES614
34011818123,0118123,Lugros,ES614
34011818124,0118124,Lújar,ES614
34011818126,0118126,La Malahá,ES614
34011818127,0118127,Maracena,ES614
34011818128,0118128,Marchal,ES614
34011818132,0118132,Moclín,ES614
34011818133,0118133,Molvízar,ES614
34011818134,0118134,Monachil,ES614
34011818135,0118135,Montefrío,ES614
34011818136,0118136,Montejícar,ES614
34011818137,0118137,Montillana,ES614
34111010019,1110019,Almaraz,ES432
34111010020,1110020,Almoharín,ES432
34111010021,1110021,Arroyo de la Luz,ES432
34011818138,0118138,Moraleda de Zafayona,ES614
34011818140,0118140,Motril,ES614
34011818141,0118141,Murtas,ES614
34011818143,0118143,Nigüelas,ES614
34011818144,0118144,Nívar,ES614
34011818145,0118145,Ogíjares,ES614
34111010022,1110022,Arroyomolinos de la Vera,ES432
34111010023,1110023,Arroyomolinos,ES432
34011818146,0118146,Orce,ES614
34011818147,0118147,Órgiva,ES614
34011818148,0118148,Otívar,ES614
34011818149,0118149,Villa de Otura,ES614
34111010024,1110024,Baños de Montemayor,ES432
34011818150,0118150,Padul,ES614
34011818151,0118151,Pampaneira,ES614
34011818152,0118152,Pedro Martínez,ES614
34011818153,0118153,Peligros,ES614
34011818154,0118154,La Peza,ES614
34011818157,0118157,Pinos Genil,ES614
34011818158,0118158,Pinos Puente,ES614
34011818159,0118159,Píñar,ES614
34011818161,0118161,Polícar,ES614
34111010025,1110025,Barrado,ES432
34011818162,0118162,Polopos,ES614
34011818163,0118163,Pórtugos,ES614
34011818164,0118164,Puebla de Don Fadrique,ES614
34011818165,0118165,Pulianas,ES614
34011818167,0118167,Purullena,ES614
34011818168,0118168,Quéntar,ES614
34011818170,0118170,Rubite,ES614
34011818171,0118171,Salar,ES614
34011818173,0118173,Salobreña,ES614
34011818174,0118174,Santa Cruz del Comercio,ES614
34011818175,0118175,Santa Fe,ES614
34011818176,0118176,Soportújar,ES614
34011818177,0118177,Sorvilán,ES614
34011818178,0118178,Torre-Cardela,ES614
34011818179,0118179,Torvizcón,ES614
34011818180,0118180,Trevélez,ES614
34011818181,0118181,Turón,ES614
34011818182,0118182,Ugíjar,ES614
34011818183,0118183,Válor,ES614
34011818184,0118184,Vélez de Benaudalla,ES614
34011818185,0118185,Ventas de Huelma,ES614
34011818187,0118187,Villanueva de las Torres,ES614
34011818188,0118188,Villanueva Mesía,ES614
34011818189,0118189,Víznar,ES614
34011818192,0118192,Zafarraya,ES614
34011818193,0118193,La Zubia,ES614
34164848074,1648074,Urduña/Orduña,ES213
34011818194,0118194,Zújar,ES614
34164848075,1648075,Orozko,ES213
34011818901,0118901,La Taha,ES614
34164848076,1648076,Sukarrieta,ES213
34164848077,1648077,Plentzia,ES213
34011818902,0118902,El Valle,ES614
34153131165,1531165,Mendavia,ES220
34011818903,0118903,Nevada,ES614
34011818904,0118904,Alpujarra de la Sierra,ES614
34153131166,1531166,Mendaza,ES220
34011818905,0118905,Las Gabias,ES614
34011818906,0118906,Los Guájares,ES614
34011818907,0118907,Valle del Zalabí,ES614
34011818908,0118908,Villamena,ES614
34011818909,0118909,Morelábor,ES614
34011818910,0118910,El Pinar,ES614
34011818911,0118911,Vegas del Genil,ES614
34011818912,0118912,Cuevas del Campo,ES614
34011818913,0118913,Zagra,ES614
34011818914,0118914,Valderrubio,ES614
34011818915,0118915,Domingo Pérez de Granada,ES614
34011818916,0118916,Torrenueva Costa,ES614
34164848078,1648078,Portugalete,ES213
34164848079,1648079,Errigoiti,ES213
34012121001,0121001,Alájar,ES615
34012121002,0121002,Aljaraque,ES615
34012121003,0121003,El Almendro,ES615
34012121004,0121004,Almonaster la Real,ES615
34012121005,0121005,Almonte,ES615
34012121006,0121006,Alosno,ES615
34012121007,0121007,Aracena,ES615
34012121008,0121008,Aroche,ES615
34164848080,1648080,Valle de Trápaga-Trapagaran,ES213
34012121009,0121009,Arroyomolinos de León,ES615
34012121010,0121010,Ayamonte,ES615
34012121011,0121011,Beas,ES615
34012121012,0121012,Berrocal,ES615
34012121013,0121013,Bollullos Par del Condado,ES615
34012121014,0121014,Bonares,ES615
34153131167,1531167,Mendigorria,ES220
34012121015,0121015,Cabezas Rubias,ES615
34153131168,1531168,Metauten,ES220
34012121016,0121016,Cala,ES615
34012121017,0121017,Calañas,ES615
34012121018,0121018,El Campillo,ES615
34012121019,0121019,Campofrío,ES615
34012121020,0121020,Cañaveral de León,ES615
34012121021,0121021,Cartaya,ES615
34012121022,0121022,Castaño del Robledo,ES615
34012121023,0121023,El Cerro de Andévalo,ES615
34153131176,1531176,Murchante,ES220
34153131177,1531177,Murieta,ES220
34012121024,0121024,Corteconcepción,ES615
34012121025,0121025,Cortegana,ES615
34012121026,0121026,Cortelazor,ES615
34012121027,0121027,Cumbres de Enmedio,ES615
34012121028,0121028,Cumbres de San Bartolomé,ES615
34012121029,0121029,Cumbres Mayores,ES615
34012121030,0121030,Chucena,ES615
34012121031,0121031,Encinasola,ES615
34012121032,0121032,Escacena del Campo,ES615
34012121033,0121033,Fuenteheridos,ES615
34012121034,0121034,Galaroza,ES615
34012121035,0121035,Gibraleón,ES615
34153131178,1531178,Murillo el Cuende,ES220
34012121036,0121036,La Granada de Río-Tinto,ES615
34012121037,0121037,El Granado,ES615
34153131179,1531179,Murillo el Fruto,ES220
34012121038,0121038,Higuera de la Sierra,ES615
34012121039,0121039,Hinojales,ES615
34012121040,0121040,Hinojos,ES615
34012121041,0121041,Huelva,ES615
34012121042,0121042,Isla Cristina,ES615
34012121043,0121043,Jabugo,ES615
34012121044,0121044,Lepe,ES615
34012121045,0121045,Linares de la Sierra,ES615
34012121046,0121046,Lucena del Puerto,ES615
34012121047,0121047,Manzanilla,ES615
34012121048,0121048,Los Marines,ES615
34012121049,0121049,Minas de Riotinto,ES615
34012121050,0121050,Moguer,ES615
34012121051,0121051,La Nava,ES615
34012121052,0121052,Nerva,ES615
34012121053,0121053,Niebla,ES615
34012121054,0121054,La Palma del Condado,ES615
34012121055,0121055,Palos de la Frontera,ES615
34012121056,0121056,Paterna del Campo,ES615
34012121057,0121057,Paymogo,ES615
34012121058,0121058,Puebla de Guzmán,ES615
34153131180,1531180,Muruzábal,ES220
34012121059,0121059,Puerto Moral,ES615
34012121060,0121060,Punta Umbría,ES615
34111010193,1110193,Torreorgaz,ES432
34012121061,0121061,Rociana del Condado,ES615
34012121062,0121062,Rosal de la Frontera,ES615
34012121063,0121063,San Bartolomé de la Torre,ES615
34012121064,0121064,San Juan del Puerto,ES615
34012121065,0121065,Sanlúcar de Guadiana,ES615
34012121066,0121066,San Silvestre de Guzmán,ES615
34012121067,0121067,Santa Ana la Real,ES615
34012121068,0121068,Santa Bárbara de Casa,ES615
34012121069,0121069,Santa Olalla del Cala,ES615
34012121070,0121070,Trigueros,ES615
34012121071,0121071,Valdelarco,ES615
34012121072,0121072,Valverde del Camino,ES615
34012121073,0121073,Villablanca,ES615
34012121074,0121074,Villalba del Alcor,ES615
34012121075,0121075,Villanueva de las Cruces,ES615
34012121076,0121076,Villanueva de los Castillejos,ES615
34012121077,0121077,Villarrasa,ES615
34012121078,0121078,Zalamea la Real,ES615
34012121079,0121079,Zufre,ES615
34012121902,0121902,La Zarza-Perrunal,ES615
34012323001,0123001,Albanchez de Mágina,ES616
34012323002,0123002,Alcalá la Real,ES616
34012323003,0123003,Alcaudete,ES616
34012323004,0123004,Aldeaquemada,ES616
34012323005,0123005,Andújar,ES616
34012323006,0123006,Arjona,ES616
34012323007,0123007,Arjonilla,ES616
34012323008,0123008,Arquillos,ES616
34012323009,0123009,Baeza,ES616
34012323010,0123010,Bailén,ES616
34012323011,0123011,Baños de la Encina,ES616
34012323012,0123012,Beas de Segura,ES616
34012323014,0123014,Begíjar,ES616
34012323015,0123015,Bélmez de la Moraleda,ES616
34012323016,0123016,Benatae,ES616
34012323017,0123017,Cabra del Santo Cristo,ES616
34012323018,0123018,Cambil,ES616
34012323019,0123019,Campillo de Arenas,ES616
34012323020,0123020,Canena,ES616
34012323021,0123021,Carboneros,ES616
34012323024,0123024,La Carolina,ES616
34012323025,0123025,Castellar,ES616
34111010194,1110194,Torrequemada,ES432
34111010195,1110195,Trujillo,ES432
34012323026,0123026,Castillo de Locubín,ES616
34012323027,0123027,Cazalilla,ES616
34012323028,0123028,Cazorla,ES616
34012323029,0123029,Chiclana de Segura,ES616
34111010196,1110196,Valdastillas,ES432
34012323030,0123030,Chilluévar,ES616
34012323031,0123031,Escañuela,ES616
34012323032,0123032,Espeluy,ES616
34012323033,0123033,Frailes,ES616
34012323034,0123034,Fuensanta de Martos,ES616
34012323035,0123035,Fuerte del Rey,ES616
34012323037,0123037,Génave,ES616
34012323038,0123038,La Guardia de Jaén,ES616
34111010026,1110026,Belvís de Monroy,ES432
34111010027,1110027,Benquerencia,ES432
34012323039,0123039,Guarromán,ES616
34012323040,0123040,Lahiguera,ES616
34111010028,1110028,Berrocalejo,ES432
34111010029,1110029,Berzocana,ES432
34111010030,1110030,Bohonal de Ibor,ES432
34012323041,0123041,Higuera de Calatrava,ES616
34012323042,0123042,Hinojares,ES616
34012323043,0123043,Hornos,ES616
34012323044,0123044,Huelma,ES616
34012323045,0123045,Huesa,ES616
34012323046,0123046,Ibros,ES616
34012323047,0123047,La Iruela,ES616
34012323048,0123048,Iznatoraf,ES616
34012323049,0123049,Jabalquinto,ES616
34012323050,0123050,Jaén,ES616
34012323051,0123051,Jamilena,ES616
34012323052,0123052,Jimena,ES616
34012323053,0123053,Jódar,ES616
34012323054,0123054,Larva,ES616
34012323055,0123055,Linares,ES616
34111010031,1110031,Botija,ES432
34111010032,1110032,Brozas,ES432
34111010033,1110033,Cabañas del Castillo,ES432
34012323056,0123056,Lopera,ES616
34012323057,0123057,Lupión,ES616
34111010034,1110034,Cabezabellosa,ES432
34012323058,0123058,Mancha Real,ES616
34012323059,0123059,Marmolejo,ES616
34012323060,0123060,Martos,ES616
34012323061,0123061,Mengíbar,ES616
34012323062,0123062,Montizón,ES616
34012323063,0123063,Navas de San Juan,ES616
34012323064,0123064,Noalejo,ES616
34012323065,0123065,Orcera,ES616
34012323066,0123066,Peal de Becerro,ES616
34012323067,0123067,Pegalajar,ES616
34153131181,1531181,Navascués/Nabaskoze,ES220
34012323069,0123069,Porcuna,ES616
34012323070,0123070,Pozo Alcón,ES616
34012323071,0123071,Puente de Génave,ES616
34153131182,1531182,Nazar,ES220
34153131183,1531183,Obanos,ES220
34012323072,0123072,La Puerta de Segura,ES616
34012323073,0123073,Quesada,ES616
34012323074,0123074,Rus,ES616
34012323075,0123075,Sabiote,ES616
34153131184,1531184,Oco,ES220
34153131185,1531185,Ochagavía/Otsagabia,ES220
34012323076,0123076,Santa Elena,ES616
34012323077,0123077,Santiago de Calatrava,ES616
34012323079,0123079,Santisteban del Puerto,ES616
34012323080,0123080,Santo Tomé,ES616
34012323081,0123081,Segura de la Sierra,ES616
34012323082,0123082,Siles,ES616
34012323084,0123084,Sorihuela del Guadalimar,ES616
34012323085,0123085,Torreblascopedro,ES616
34012323086,0123086,Torredelcampo,ES616
34012323087,0123087,Torredonjimeno,ES616
34153131186,1531186,Odieta,ES220
34012323088,0123088,Torreperogil,ES616
34012323090,0123090,Torres,ES616
34153131187,1531187,Oiz,ES220
34012323091,0123091,Torres de Albánchez,ES616
34012323092,0123092,Úbeda,ES616
34012323093,0123093,Valdepeñas de Jaén,ES616
34012323094,0123094,Vilches,ES616
34012323095,0123095,Villacarrillo,ES616
34012323096,0123096,Villanueva de la Reina,ES616
34012323097,0123097,Villanueva del Arzobispo,ES616
34012323098,0123098,Villardompardo,ES616
34012323099,0123099,Los Villares,ES616
34012323101,0123101,Villarrodrigo,ES616
34122727002,1227002,Alfoz,ES112
34012323901,0123901,Cárcheles,ES616
34012323902,0123902,Bedmar y Garcíez,ES616
34153131188,1531188,Olaibar,ES220
34012323903,0123903,Villatorres,ES616
34012323904,0123904,Santiago-Pontones,ES616
34012323905,0123905,Arroyo del Ojanco,ES616
34012353050,0153050,Cuarto del Madroño,ES616
34153131189,1531189,Olazti/Olazagutía,ES220
34012929001,0129001,Alameda,ES617
34153131190,1531190,Olejua,ES220
34012929002,0129002,Alcaucín,ES617
34012929003,0129003,Alfarnate,ES617
34012929004,0129004,Alfarnatejo,ES617
34012929005,0129005,Algarrobo,ES617
34012929006,0129006,Algatocín,ES617
34012929007,0129007,Alhaurín de la Torre,ES617
34153131192,1531192,Olóriz/Oloritz,ES220
34012929008,0129008,Alhaurín el Grande,ES617
34012929009,0129009,Almáchar,ES617
34012929010,0129010,Almargen,ES617
34012929011,0129011,Almogía,ES617
34012929012,0129012,Álora,ES617
34012929013,0129013,Alozaina,ES617
34153131193,1531193,Cendea de Olza/Oltza Zendea,ES220
34012929014,0129014,Alpandeire,ES617
34012929015,0129015,Antequera,ES617
34012929016,0129016,Árchez,ES617
34012929017,0129017,Archidona,ES617
34012929018,0129018,Ardales,ES617
34122727004,1227004,Baleira,ES112
34012929019,0129019,Arenas,ES617
34122727005,1227005,Barreiros,ES112
34012929020,0129020,Arriate,ES617
34012929021,0129021,Atajate,ES617
34012929022,0129022,Benadalid,ES617
34122727006,1227006,Becerreá,ES112
34012929023,0129023,Benahavís,ES617
34012929024,0129024,Benalauría,ES617
34012929025,0129025,Benalmádena,ES617
34012929026,0129026,Benamargosa,ES617
34012929027,0129027,Benamocarra,ES617
34012929028,0129028,Benaoján,ES617
34122727007,1227007,Begonte,ES112
34012929029,0129029,Benarrabá,ES617
34012929030,0129030,El Borge,ES617
34012929031,0129031,El Burgo,ES617
34012929032,0129032,Campillos,ES617
34012929033,0129033,Canillas de Aceituno,ES617
34012929034,0129034,Canillas de Albaida,ES617
34012929035,0129035,Cañete la Real,ES617
34012929036,0129036,Carratraca,ES617
34012929037,0129037,Cartajima,ES617
34012929038,0129038,Cártama,ES617
34153131194,1531194,Valle de Ollo/Ollaran,ES220
34012929039,0129039,Casabermeja,ES617
34012929040,0129040,Casarabonela,ES617
34012929041,0129041,Casares,ES617
34012929042,0129042,Coín,ES617
34012929043,0129043,Colmenar,ES617
34012929044,0129044,Comares,ES617
34012929045,0129045,Cómpeta,ES617
34012929046,0129046,Cortes de la Frontera,ES617
34153131198,1531198,Oronz/Orontze,ES220
34012929047,0129047,Cuevas Bajas,ES617
34012929048,0129048,Cuevas del Becerro,ES617
34012929049,0129049,Cuevas de San Marcos,ES617
34012929050,0129050,Cútar,ES617
34012929051,0129051,Estepona,ES617
34012929052,0129052,Faraján,ES617
34122727008,1227008,Bóveda,ES112
34122727009,1227009,Carballedo,ES112
34122727010,1227010,Castro de Rei,ES112
34012929053,0129053,Frigiliana,ES617
34012929054,0129054,Fuengirola,ES617
34012929055,0129055,Fuente de Piedra,ES617
34153131203,1531203,Petilla de Aragón,ES220
34012929056,0129056,Gaucín,ES617
34012929057,0129057,Genalguacil,ES617
34153131204,1531204,Piedramillera,ES220
34012929058,0129058,Guaro,ES617
34012929059,0129059,Humilladero,ES617
34012929060,0129060,Igualeja,ES617
34012929061,0129061,Istán,ES617
34012929062,0129062,Iznate,ES617
34153131205,1531205,Pitillas,ES220
34012929063,0129063,Jimera de Líbar,ES617
34111010197,1110197,Valdecañas de Tajo,ES432
34012929064,0129064,Jubrique,ES617
34012929065,0129065,Júzcar,ES617
34012929066,0129066,Macharaviaya,ES617
34012929067,0129067,Málaga,ES617
34111010123,1110123,Mirabel,ES432
34012929068,0129068,Manilva,ES617
34012929069,0129069,Marbella,ES617
34012929070,0129070,Mijas,ES617
34012929071,0129071,Moclinejo,ES617
34012929072,0129072,Mollina,ES617
34012929073,0129073,Monda,ES617
34153131208,1531208,Ribaforada,ES220
34012929074,0129074,Montejaque,ES617
34012929075,0129075,Nerja,ES617
34012929076,0129076,Ojén,ES617
34012929077,0129077,Parauta,ES617
34012929079,0129079,Periana,ES617
34012929080,0129080,Pizarra,ES617
34012929081,0129081,Pujerra,ES617
34012929082,0129082,Rincón de la Victoria,ES617
34012929083,0129083,Riogordo,ES617
34012929084,0129084,Ronda,ES617
34012929085,0129085,Salares,ES617
34153131209,1531209,Romanzado/Erromantzatua,ES220
34012929086,0129086,Sayalonga,ES617
34012929087,0129087,Sedella,ES617
34012929088,0129088,Sierra de Yeguas,ES617
34012929089,0129089,Teba,ES617
34012929090,0129090,Tolox,ES617
34012929091,0129091,Torrox,ES617
34012929092,0129092,Totalán,ES617
34012929093,0129093,Valle de Abdalajís,ES617
34012929094,0129094,Vélez-Málaga,ES617
34012929095,0129095,Villanueva de Algaidas,ES617
34012929096,0129096,Villanueva del Rosario,ES617
34012929097,0129097,Villanueva del Trabuco,ES617
34153131210,1531210,Roncal/Erronkari,ES220
34012929098,0129098,Villanueva de Tapia,ES617
34153131211,1531211,Orreaga/Roncesvalles,ES220
34012929099,0129099,Viñuela,ES617
34012929100,0129100,Yunquera,ES617
34153131212,1531212,Sada,ES220
34012929901,0129901,Torremolinos,ES617
34012929902,0129902,Villanueva de la Concepción,ES617
34012929903,0129903,Montecorto,ES617
34012929904,0129904,Serrato,ES617
34014141001,0141001,Aguadulce,ES618
34014141002,0141002,Alanís,ES618
34014141003,0141003,Albaida del Aljarafe,ES618
34014141004,0141004,Alcalá de Guadaíra,ES618
34014141005,0141005,Alcalá del Río,ES618
34014141006,0141006,Alcolea del Río,ES618
34014141007,0141007,La Algaba,ES618
34014141008,0141008,Algámitas,ES618
34014141009,0141009,Almadén de la Plata,ES618
34153131213,1531213,Saldías,ES220
34153131214,1531214,Salinas de Oro/Jaitz,ES220
34014141010,0141010,Almensilla,ES618
34014141011,0141011,Arahal,ES618
34014141012,0141012,Aznalcázar,ES618
34014141013,0141013,Aznalcóllar,ES618
34014141014,0141014,Badolatosa,ES618
34014141015,0141015,Benacazón,ES618
34014141016,0141016,Bollullos de la Mitación,ES618
34014141017,0141017,Bormujos,ES618
34014141018,0141018,Brenes,ES618
34014141019,0141019,Burguillos,ES618
34164848082,1648082,Santurtzi,ES213
34014141020,0141020,Las Cabezas de San Juan,ES618
34014141021,0141021,Camas,ES618
34014141022,0141022,La Campana,ES618
34164848083,1648083,Ortuella,ES213
34014141023,0141023,Cantillana,ES618
34014141024,0141024,Carmona,ES618
34164848084,1648084,Sestao,ES213
34014141025,0141025,Carrión de los Céspedes,ES618
34014141026,0141026,Casariche,ES618
34014141027,0141027,Castilblanco de los Arroyos,ES618
34014141028,0141028,Castilleja de Guzmán,ES618
34014141029,0141029,Castilleja de la Cuesta,ES618
34014141030,0141030,Castilleja del Campo,ES618
34014141031,0141031,El Castillo de las Guardas,ES618
34014141032,0141032,Cazalla de la Sierra,ES618
34014141033,0141033,Constantina,ES618
34164848087,1648087,Trucios-Turtzioz,ES213
34014141034,0141034,Coria del Río,ES618
34164848097,1648097,Zaratamo,ES213
34014141035,0141035,Coripe,ES618
34164848901,1648901,Derio,ES213
34164848902,1648902,Erandio,ES213
34164848903,1648903,Loiu,ES213
34014141036,0141036,El Coronil,ES618
34014141037,0141037,Los Corrales,ES618
34014141038,0141038,Dos Hermanas,ES618
34014141039,0141039,Écija,ES618
34014141040,0141040,Espartinas,ES618
34014141041,0141041,Estepa,ES618
34014141042,0141042,Fuentes de Andalucía,ES618
34014141043,0141043,El Garrobo,ES618
34014141044,0141044,Gelves,ES618
34014141045,0141045,Gerena,ES618
34172626003,1726003,Aguilar del Río Alhama,ES230
34014141046,0141046,Gilena,ES618
34014141047,0141047,Gines,ES618
34014141048,0141048,Guadalcanal,ES618
34014141049,0141049,Guillena,ES618
34014141050,0141050,Herrera,ES618
34014141051,0141051,Huévar del Aljarafe,ES618
34014141052,0141052,Lantejuela,ES618
34014141053,0141053,Lebrija,ES618
34014141054,0141054,Lora de Estepa,ES618
34014141055,0141055,Lora del Río,ES618
34111010201,1110201,Valdemorales,ES432
34014141056,0141056,La Luisiana,ES618
34014141057,0141057,El Madroño,ES618
34014141058,0141058,Mairena del Alcor,ES618
34014141059,0141059,Mairena del Aljarafe,ES618
34014141060,0141060,Marchena,ES618
34014141061,0141061,Marinaleda,ES618
34014141062,0141062,Martín de la Jara,ES618
34014141063,0141063,Los Molares,ES618
34111010202,1110202,Valdeobispo,ES432
34111010203,1110203,Valencia de Alcántara,ES432
34014141064,0141064,Montellano,ES618
34014141065,0141065,Morón de la Frontera,ES618
34014141066,0141066,Las Navas de la Concepción,ES618
34014141067,0141067,Olivares,ES618
34014141068,0141068,Osuna,ES618
34014141069,0141069,Los Palacios y Villafranca,ES618
34014141070,0141070,Palomares del Río,ES618
34014141071,0141071,Paradas,ES618
34014141072,0141072,Pedrera,ES618
34014141073,0141073,El Pedroso,ES618
34014141074,0141074,Peñaflor,ES618
34014141075,0141075,Pilas,ES618
34014141076,0141076,Pruna,ES618
34014141077,0141077,La Puebla de Cazalla,ES618
34014141078,0141078,La Puebla de los Infantes,ES618
34014141079,0141079,La Puebla del Río,ES618
34014141080,0141080,El Real de la Jara,ES618
34014141081,0141081,La Rinconada,ES618
34014141082,0141082,La Roda de Andalucía,ES618
34014141083,0141083,El Ronquillo,ES618
34014141084,0141084,El Rubio,ES618
34014141085,0141085,Salteras,ES618
34014141086,0141086,San Juan de Aznalfarache,ES618
34014141087,0141087,Sanlúcar la Mayor,ES618
34014141088,0141088,San Nicolás del Puerto,ES618
34111010204,1110204,Valverde de la Vera,ES432
34111010205,1110205,Valverde del Fresno,ES432
34014141089,0141089,Santiponce,ES618
34014141090,0141090,El Saucejo,ES618
34014141091,0141091,Sevilla,ES618
34014141092,0141092,Tocina,ES618
34014141093,0141093,Tomares,ES618
34014141094,0141094,Umbrete,ES618
34014141095,0141095,Utrera,ES618
34014141096,0141096,Valencina de la Concepción,ES618
34014141097,0141097,Villamanrique de la Condesa,ES618
34111010206,1110206,Viandar de la Vera,ES432
34014141098,0141098,Villanueva del Ariscal,ES618
34014141099,0141099,Villanueva del Río y Minas,ES618
34014141100,0141100,Villanueva de San Juan,ES618
34014141101,0141101,Villaverde del Río,ES618
34014141102,0141102,El Viso del Alcor,ES618
34014141901,0141901,Cañada Rosal,ES618
34122727011,1227011,Castroverde,ES112
34014141902,0141902,Isla Mayor,ES618
34014141903,0141903,El Cuervo de Sevilla,ES618
34014141904,0141904,El Palmar de Troya,ES618
34122727020,1227020,Friol,ES112
34122727021,1227021,Xermade,ES112
34122727022,1227022,Guitiriz,ES112
34022222001,0222001,Abiego,ES241
34022222002,0222002,Abizanda,ES241
34022222003,0222003,Adahuesca,ES241
34022222004,0222004,Agüero,ES241
34022222006,0222006,Aisa,ES241
34022222007,0222007,Albalate de Cinca,ES241
34022222008,0222008,Albalatillo,ES241
34022222009,0222009,Albelda,ES241
34022222011,0222011,Albero Alto,ES241
34022222012,0222012,Albero Bajo,ES241
34022222013,0222013,Alberuela de Tubo,ES241
34022222014,0222014,Alcalá de Gurrea,ES241
34022222015,0222015,Alcalá del Obispo,ES241
34022222016,0222016,Alcampell,ES241
34022222017,0222017,Alcolea de Cinca,ES241
34153131215,1531215,San Adrián,ES220
34022222018,0222018,Alcubierre,ES241
34022222019,0222019,Alerre,ES241
34022222020,0222020,Alfántega,ES241
34022222021,0222021,Almudévar,ES241
34022222022,0222022,Almunia de San Juan,ES241
34022222023,0222023,Almuniente,ES241
34022222024,0222024,Alquézar,ES241
34022222025,0222025,Altorricón,ES241
34022222027,0222027,Angüés,ES241
34022222028,0222028,Ansó,ES241
34022222029,0222029,Antillón,ES241
34022222032,0222032,Aragüés del Puerto,ES241
34022222035,0222035,Arén,ES241
34022222036,0222036,Argavieso,ES241
34022222037,0222037,Arguis,ES241
34022222039,0222039,Ayerbe,ES241
34153131217,1531217,San Martín de Unx,ES220
34022222040,0222040,Azanuy-Alins,ES241
34022222041,0222041,Azara,ES241
34022222042,0222042,Azlor,ES241
34022222043,0222043,Baélls,ES241
34153131219,1531219,Sansol,ES220
34022222044,0222044,Bailo,ES241
34022222045,0222045,Baldellou,ES241
34022222046,0222046,Ballobar,ES241
34022222047,0222047,Banastás,ES241
34022222048,0222048,Barbastro,ES241
34022222049,0222049,Barbués,ES241
34022222050,0222050,Barbuñales,ES241
34022222051,0222051,Bárcabo,ES241
34022222052,0222052,Belver de Cinca,ES241
34022222053,0222053,Benabarre,ES241
34022222054,0222054,Benasque,ES241
34022222055,0222055,Berbegal,ES241
34022222057,0222057,Bielsa,ES241
34022222058,0222058,Bierge,ES241
34022222059,0222059,Biescas,ES241
34022222060,0222060,Binaced,ES241
34022222061,0222061,Binéfar,ES241
34022222062,0222062,Bisaurri,ES241
34022222063,0222063,Biscarrués,ES241
34022222064,0222064,Blecua y Torres,ES241
34022222066,0222066,Boltaña,ES241
34022222067,0222067,Bonansa,ES241
34022222068,0222068,Borau,ES241
34022222069,0222069,Broto,ES241
34022222072,0222072,Caldearenas,ES241
34022222074,0222074,Campo,ES241
34022222075,0222075,Camporrélls,ES241
34111010035,1110035,Cabezuela del Valle,ES432
34022222076,0222076,Canal de Berdún,ES241
34022222077,0222077,Candasnos,ES241
34111010036,1110036,Cabrero,ES432
34111010037,1110037,Cáceres,ES432
34022222078,0222078,Canfranc,ES241
34022222079,0222079,Capdesaso,ES241
34022222080,0222080,Capella,ES241
34022222081,0222081,Casbas de Huesca,ES241
34022222082,0222082,Castejón del Puente,ES241
34111010038,1110038,Cachorrilla,ES432
34022222083,0222083,Castejón de Monegros,ES241
34111010039,1110039,Cadalso,ES432
34022222084,0222084,Castejón de Sos,ES241
34022222085,0222085,Castelflorite,ES241
34022222086,0222086,Castiello de Jaca,ES241
34022222087,0222087,Castigaleu,ES241
34022222088,0222088,Castillazuelo,ES241
34022222089,0222089,Castillonroy,ES241
34022222090,0222090,Colungo,ES241
34022222094,0222094,Chalamera,ES241
34022222095,0222095,Chía,ES241
34022222096,0222096,Chimillas,ES241
34022222099,0222099,Esplús,ES241
34022222102,0222102,Estada,ES241
34022222103,0222103,Estadilla,ES241
34111010040,1110040,Calzadilla,ES432
34111010041,1110041,Caminomorisco,ES432
34022222105,0222105,Estopiñán del Castillo,ES241
34022222106,0222106,Fago,ES241
34022222107,0222107,Fanlo,ES241
34111010042,1110042,Campillo de Deleitosa,ES432
34022222109,0222109,Fiscal,ES241
34022222110,0222110,Fonz,ES241
34111010043,1110043,Campo Lugar,ES432
34022222111,0222111,Foradada del Toscar,ES241
34022222112,0222112,Fraga,ES241
34022222113,0222113,La Fueva,ES241
34022222114,0222114,Gistaín,ES241
34022222115,0222115,El Grado,ES241
34153131220,1531220,Santacara,ES220
34022222116,0222116,Grañén,ES241
34022222117,0222117,Graus,ES241
34153131221,1531221,Doneztebe/Santesteban,ES220
34022222119,0222119,Gurrea de Gállego,ES241
34022222122,0222122,Hoz de Jaca,ES241
34022222124,0222124,Huerto,ES241
34022222125,0222125,Huesca,ES241
34022222126,0222126,Ibieca,ES241
34022222127,0222127,Igriés,ES241
34022222128,0222128,Ilche,ES241
34022222129,0222129,Isábena,ES241
34022222130,0222130,Jaca,ES241
34022222131,0222131,Jasa,ES241
34022222133,0222133,Labuerda,ES241
34022222135,0222135,Laluenga,ES241
34153131222,1531222,Sarriés/Sartze,ES220
34022222136,0222136,Lalueza,ES241
34153131223,1531223,Sartaguda,ES220
34022222137,0222137,Lanaja,ES241
34022222139,0222139,Laperdiguera,ES241
34022222141,0222141,Lascellas-Ponzano,ES241
34022222142,0222142,Lascuarre,ES241
34022222143,0222143,Laspaúles,ES241
34022222144,0222144,Laspuña,ES241
34022222149,0222149,Loarre,ES241
34022222150,0222150,Loporzano,ES241
34022222151,0222151,Loscorrales,ES241
34022222155,0222155,Monesma y Cajigar,ES241
34022222156,0222156,Monflorite-Lascasas,ES241
34022222157,0222157,Montanuy,ES241
34153131226,1531226,Sunbilla,ES220
34022222158,0222158,Monzón,ES241
34022222160,0222160,Naval,ES241
34022222162,0222162,Novales,ES241
34022222163,0222163,Nueno,ES241
34022222164,0222164,Olvena,ES241
34022222165,0222165,Ontiñena,ES241
34022222167,0222167,Osso de Cinca,ES241
34022222168,0222168,Palo,ES241
34153131233,1531233,Tulebras,ES220
34022222170,0222170,Panticosa,ES241
34022222172,0222172,Peñalba,ES241
34022222173,0222173,Las Peñas de Riglos,ES241
34153131234,1531234,Ucar,ES220
34022222174,0222174,Peralta de Alcofea,ES241
34022222175,0222175,Peralta de Calasanz,ES241
34022222176,0222176,Peraltilla,ES241
34022222177,0222177,Perarrúa,ES241
34022222178,0222178,Pertusa,ES241
34022222181,0222181,Piracés,ES241
34111010124,1110124,Mohedas de Granadilla,ES432
34022222182,0222182,Plan,ES241
34111010125,1110125,Monroy,ES432
34111010126,1110126,Montánchez,ES432
34111010127,1110127,Montehermoso,ES432
34111010128,1110128,Moraleja,ES432
34022222184,0222184,Poleñino,ES241
34022222186,0222186,Pozán de Vero,ES241
34022222187,0222187,La Puebla de Castro,ES241
34022222188,0222188,Puente de Montañana,ES241
34022222189,0222189,Puértolas,ES241
34022222190,0222190,El Pueyo de Araguás,ES241
34022222193,0222193,Pueyo de Santa Cruz,ES241
34022222195,0222195,Quicena,ES241
34022222197,0222197,Robres,ES241
34022222199,0222199,Sabiñánigo,ES241
34111010129,1110129,Morcillo,ES432
34022222200,0222200,Sahún,ES241
34022222201,0222201,Salas Altas,ES241
34022222202,0222202,Salas Bajas,ES241
34022222203,0222203,Salillas,ES241
34022222204,0222204,Sallent de Gállego,ES241
34022222205,0222205,San Esteban de Litera,ES241
34022222206,0222206,Sangarrén,ES241
34022222207,0222207,San Juan de Plan,ES241
34022222208,0222208,Santa Cilia,ES241
34022222209,0222209,Santa Cruz de la Serós,ES241
34022222212,0222212,Santaliestra y San Quílez,ES241
34022222213,0222213,Sariñena,ES241
34022222214,0222214,Secastilla,ES241
34022222215,0222215,Seira,ES241
34022222217,0222217,Sena,ES241
34022222218,0222218,Senés de Alcubierre,ES241
34022222220,0222220,Sesa,ES241
34022222221,0222221,Sesué,ES241
34022222222,0222222,Siétamo,ES241
34172626007,1726007,Alcanadre,ES230
34022222223,0222223,Sopeira,ES241
34111010130,1110130,Navaconcejo,ES432
34111010131,1110131,Navalmoral de la Mata,ES432
34022222225,0222225,Tamarite de Litera,ES241
34022222226,0222226,Tardienta,ES241
34022222227,0222227,Tella-Sin,ES241
34022222228,0222228,Tierz,ES241
34172626008,1726008,Aldeanueva de Ebro,ES230
34022222229,0222229,Tolva,ES241
34022222230,0222230,Torla-Ordesa,ES241
34022222232,0222232,Torralba de Aragón,ES241
34022222233,0222233,Torre la Ribera,ES241
34022222234,0222234,Torrente de Cinca,ES241
34022222235,0222235,Torres de Alcanadre,ES241
34022222236,0222236,Torres de Barbués,ES241
34022222239,0222239,Tramaced,ES241
34022222242,0222242,Valfarta,ES241
34022222243,0222243,Valle de Bardají,ES241
34022222244,0222244,Valle de Lierp,ES241
34022222245,0222245,Velilla de Cinca,ES241
34022222246,0222246,Beranuy,ES241
34022222247,0222247,Viacamp y Litera,ES241
34022222248,0222248,Vicién,ES241
34022222249,0222249,Villanova,ES241
34022222250,0222250,Villanúa,ES241
34022222251,0222251,Villanueva de Sigena,ES241
34022222252,0222252,Yebra de Basa,ES241
34172626009,1726009,Alesanco,ES230
34022222253,0222253,Yésero,ES241
34022222254,0222254,Zaidín,ES241
34022222901,0222901,Valle de Hecho,ES241
34022222902,0222902,Puente la Reina de Jaca,ES241
34022222903,0222903,San Miguel del Cinca,ES241
34172626010,1726010,Alesón,ES230
34022222904,0222904,La Sotonera,ES241
34022222905,0222905,Lupiñén-Ortilla,ES241
34022222906,0222906,Santa María de Dulcis,ES241
34022222907,0222907,Aínsa-Sobrarbe,ES241
34111010132,1110132,Navalvillar de Ibor,ES432
34022222908,0222908,Hoz y Costean,ES241
34022222909,0222909,Vencillón,ES241
34022253049,0253049,Comunero de Ansó y Hecho,ES241
34024444001,0244001,Ababuj,ES242
34024444002,0244002,Abejuela,ES242
34024444003,0244003,Aguatón,ES242
34024444004,0244004,Aguaviva,ES242
34024444005,0244005,Aguilar del Alfambra,ES242
34024444006,0244006,Alacón,ES242
34024444007,0244007,Alba,ES242
34024444008,0244008,Albalate del Arzobispo,ES242
34024444009,0244009,Albarracín,ES242
34024444010,0244010,Albentosa,ES242
34024444011,0244011,Alcaine,ES242
34024444012,0244012,Alcalá de la Selva,ES242
34024444013,0244013,Alcañiz,ES242
34024444014,0244014,Alcorisa,ES242
34172626017,1726017,Arnedillo,ES230
34024444016,0244016,Alfambra,ES242
34024444017,0244017,Aliaga,ES242
34024444018,0244018,Almohaja,ES242
34024444019,0244019,Alobras,ES242
34024444020,0244020,Alpeñés,ES242
34024444021,0244021,Allepuz,ES242
34024444022,0244022,Alloza,ES242
34024444023,0244023,Allueva,ES242
34024444024,0244024,Anadón,ES242
34024444025,0244025,Andorra,ES242
34024444026,0244026,Arcos de las Salinas,ES242
34024444027,0244027,Arens de Lledó,ES242
34172626021,1726021,Autol,ES230
34024444028,0244028,Argente,ES242
34024444029,0244029,Ariño,ES242
34024444031,0244031,Azaila,ES242
34024444032,0244032,Bádenas,ES242
34172626022,1726022,Azofra,ES230
34024444033,0244033,Báguena,ES242
34024444034,0244034,Bañón,ES242
34024444035,0244035,Barrachina,ES242
34024444036,0244036,Bea,ES242
34024444037,0244037,Beceite,ES242
34024444038,0244038,Belmonte de San José,ES242
34024444039,0244039,Bello,ES242
34024444040,0244040,Berge,ES242
34024444041,0244041,Bezas,ES242
34024444042,0244042,Blancas,ES242
34024444043,0244043,Blesa,ES242
34153131235,1531235,Ujué/Uxue,ES220
34024444044,0244044,Bordón,ES242
34172626023,1726023,Badarán,ES230
34024444045,0244045,Bronchales,ES242
34024444046,0244046,Bueña,ES242
34024444047,0244047,Burbáguena,ES242
34024444048,0244048,Cabra de Mora,ES242
34024444049,0244049,Calaceite,ES242
34024444050,0244050,Calamocha,ES242
34024444051,0244051,Calanda,ES242
34024444052,0244052,Calomarde,ES242
34024444053,0244053,Camañas,ES242
34172626024,1726024,Bañares,ES230
34024444054,0244054,Camarena de la Sierra,ES242
34024444055,0244055,Camarillas,ES242
34024444056,0244056,Caminreal,ES242
34024444059,0244059,Cantavieja,ES242
34024444060,0244060,Cañada de Benatanduz,ES242
34172626025,1726025,Baños de Rioja,ES230
34024444061,0244061,La Cañada de Verich,ES242
34024444062,0244062,Cañada Vellida,ES242
34024444063,0244063,Cañizar del Olivar,ES242
34024444064,0244064,Cascante del Río,ES242
34024444065,0244065,Castejón de Tornos,ES242
34024444066,0244066,Castel de Cabra,ES242
34024444067,0244067,Castelnou,ES242
34172626026,1726026,Baños de Río Tobía,ES230
34024444068,0244068,Castelserás,ES242
34024444070,0244070,El Castellar,ES242
34024444071,0244071,Castellote,ES242
34024444074,0244074,Cedrillas,ES242
34153131236,1531236,Ultzama,ES220
34024444075,0244075,Celadas,ES242
34153131237,1531237,Unciti,ES220
34024444076,0244076,Cella,ES242
34024444077,0244077,La Cerollera,ES242
34024444080,0244080,La Codoñera,ES242
34024444082,0244082,Corbalán,ES242
34024444084,0244084,Cortes de Aragón,ES242
34024444085,0244085,Cosa,ES242
34153131238,1531238,Unzué/Untzue,ES220
34024444086,0244086,Cretas,ES242
34024444087,0244087,Crivillén,ES242
34024444088,0244088,La Cuba,ES242
34153131239,1531239,Urdazubi/Urdax,ES220
34024444089,0244089,Cubla,ES242
34024444090,0244090,Cucalón,ES242
34024444092,0244092,El Cuervo,ES242
34024444093,0244093,Cuevas de Almudén,ES242
34024444094,0244094,Cuevas Labradas,ES242
34024444096,0244096,Ejulve,ES242
34153131240,1531240,Urdiain,ES220
34024444097,0244097,Escorihuela,ES242
34024444099,0244099,Escucha,ES242
34024444100,0244100,Estercuel,ES242
34024444101,0244101,Ferreruela de Huerva,ES242
34024444102,0244102,Fonfría,ES242
34024444103,0244103,Formiche Alto,ES242
34024444105,0244105,Fórnoles,ES242
34024444106,0244106,Fortanete,ES242
34024444107,0244107,Foz-Calanda,ES242
34024444108,0244108,La Fresneda,ES242
34024444109,0244109,Frías de Albarracín,ES242
34024444110,0244110,Fuenferrada,ES242
34024444111,0244111,Fuentes Calientes,ES242
34024444112,0244112,Fuentes Claras,ES242
34024444113,0244113,Fuentes de Rubielos,ES242
34024444114,0244114,Fuentespalda,ES242
34024444115,0244115,Galve,ES242
34024444116,0244116,Gargallo,ES242
34024444117,0244117,Gea de Albarracín,ES242
34024444118,0244118,La Ginebrosa,ES242
34024444119,0244119,Griegos,ES242
34024444120,0244120,Guadalaviar,ES242
34024444121,0244121,Gúdar,ES242
34024444122,0244122,Híjar,ES242
34024444123,0244123,Hinojosa de Jarque,ES242
34024444124,0244124,La Hoz de la Vieja,ES242
34024444125,0244125,Huesa del Común,ES242
34024444126,0244126,La Iglesuela del Cid,ES242
34024444127,0244127,Jabaloyas,ES242
34024444128,0244128,Jarque de la Val,ES242
34024444129,0244129,Jatiel,ES242
34024444130,0244130,Jorcas,ES242
34024444131,0244131,Josa,ES242
34024444132,0244132,Lagueruela,ES242
34024444133,0244133,Lanzuela,ES242
34024444135,0244135,Libros,ES242
34024444136,0244136,Lidón,ES242
34024444137,0244137,Linares de Mora,ES242
34024444138,0244138,Loscos,ES242
34024444141,0244141,Lledó,ES242
34024444142,0244142,Maicas,ES242
34024444143,0244143,Manzanera,ES242
34024444144,0244144,Martín del Río,ES242
34024444145,0244145,Mas de las Matas,ES242
34024444146,0244146,La Mata de los Olmos,ES242
34024444147,0244147,Mazaleón,ES242
34024444148,0244148,Mezquita de Jarque,ES242
34024444149,0244149,Mirambel,ES242
34024444150,0244150,Miravete de la Sierra,ES242
34024444151,0244151,Molinos,ES242
34024444152,0244152,Monforte de Moyuela,ES242
34024444153,0244153,Monreal del Campo,ES242
34172626028,1726028,Bergasa,ES230
34024444154,0244154,Monroyo,ES242
34172626029,1726029,Bergasillas Bajera,ES230
34024444155,0244155,Montalbán,ES242
34024444156,0244156,Monteagudo del Castillo,ES242
34024444157,0244157,Monterde de Albarracín,ES242
34111010133,1110133,Navas del Madroño,ES432
34024444158,0244158,Mora de Rubielos,ES242
34024444159,0244159,Moscardón,ES242
34024444160,0244160,Mosqueruela,ES242
34111010134,1110134,Navezuelas,ES432
34024444161,0244161,Muniesa,ES242
34024444163,0244163,Noguera de Albarracín,ES242
34024444164,0244164,Nogueras,ES242
34172626030,1726030,Bezares,ES230
34172626031,1726031,Bobadilla,ES230
34024444165,0244165,Nogueruelas,ES242
34024444167,0244167,Obón,ES242
34024444168,0244168,Odón,ES242
34024444169,0244169,Ojos Negros,ES242
34024444171,0244171,Olba,ES242
34024444172,0244172,Oliete,ES242
34024444173,0244173,Los Olmos,ES242
34024444174,0244174,Orihuela del Tremedal,ES242
34024444175,0244175,Orrios,ES242
34024444176,0244176,Palomar de Arroyos,ES242
34111010135,1110135,Nuñomoral,ES432
34024444177,0244177,Pancrudo,ES242
34024444178,0244178,Las Parras de Castellote,ES242
34122727024,1227024,O Incio,ES112
34024444179,0244179,Peñarroya de Tastavins,ES242
34122727025,1227025,Xove,ES112
34024444180,0244180,Peracense,ES242
34122727026,1227026,Láncara,ES112
34024444181,0244181,Peralejos,ES242
34024444182,0244182,Perales del Alfambra,ES242
34024444183,0244183,Pitarque,ES242
34024444184,0244184,Plou,ES242
34024444185,0244185,El Pobo,ES242
34024444187,0244187,La Portellada,ES242
34024444189,0244189,Pozondón,ES242
34024444190,0244190,Pozuel del Campo,ES242
34024444191,0244191,La Puebla de Híjar,ES242
34024444192,0244192,La Puebla de Valverde,ES242
34024444193,0244193,Puertomingalvo,ES242
34024444194,0244194,Ráfales,ES242
34024444195,0244195,Rillo,ES242
34024444196,0244196,Riodeva,ES242
34024444197,0244197,Ródenas,ES242
34024444198,0244198,Royuela,ES242
34024444199,0244199,Rubiales,ES242
34024444200,0244200,Rubielos de la Cérida,ES242
34153131241,1531241,Urraul Alto,ES220
34024444201,0244201,Rubielos de Mora,ES242
34024444203,0244203,Salcedillo,ES242
34024444204,0244204,Saldón,ES242
34024444205,0244205,Samper de Calanda,ES242
34024444206,0244206,San Agustín,ES242
34024444207,0244207,San Martín del Río,ES242
34024444208,0244208,Santa Cruz de Nogueras,ES242
34024444209,0244209,Santa Eulalia,ES242
34024444210,0244210,Sarrión,ES242
34024444211,0244211,Segura de los Baños,ES242
34024444212,0244212,Seno,ES242
34024444213,0244213,Singra,ES242
34024444215,0244215,Terriente,ES242
34024444216,0244216,Teruel,ES242
34153131242,1531242,Urraul Bajo,ES220
34024444217,0244217,Toril y Masegoso,ES242
34153131243,1531243,Urroz-Villa,ES220
34024444218,0244218,Tormón,ES242
34024444219,0244219,Tornos,ES242
34024444220,0244220,Torralba de los Sisones,ES242
34024444221,0244221,Torrecilla de Alcañiz,ES242
34024444222,0244222,Torrecilla del Rebollar,ES242
34024444223,0244223,Torre de Arcas,ES242
34024444224,0244224,Torre de las Arcas,ES242
34024444225,0244225,Torre del Compte,ES242
34024444226,0244226,Torrelacárcel,ES242
34024444227,0244227,Torre los Negros,ES242
34024444228,0244228,Torremocha de Jiloca,ES242
34024444229,0244229,Torres de Albarracín,ES242
34024444230,0244230,Torrevelilla,ES242
34024444231,0244231,Torrijas,ES242
34153131244,1531244,Urroz,ES220
34024444232,0244232,Torrijo del Campo,ES242
34153131245,1531245,Urzainqui/Urzainki,ES220
34024444234,0244234,Tramacastiel,ES242
34024444235,0244235,Tramacastilla,ES242
34024444236,0244236,Tronchón,ES242
34024444237,0244237,Urrea de Gaén,ES242
34153131246,1531246,Uterga,ES220
34024444238,0244238,Utrillas,ES242
34024444239,0244239,Valacloche,ES242
34024444240,0244240,Valbona,ES242
34024444241,0244241,Valdealgorfa,ES242
34024444243,0244243,Valdecuenca,ES242
34024444244,0244244,Valdelinares,ES242
34024444245,0244245,Valdeltormo,ES242
34024444246,0244246,Valderrobres,ES242
34024444247,0244247,Valjunquera,ES242
34024444249,0244249,El Vallecillo,ES242
34024444250,0244250,Veguillas de la Sierra,ES242
34024444251,0244251,Villafranca del Campo,ES242
34024444252,0244252,Villahermosa del Campo,ES242
34024444256,0244256,Villanueva del Rebollar de la Sierra,ES242
34024444257,0244257,Villar del Cobo,ES242
34024444258,0244258,Villar del Salz,ES242
34172626038,1726038,Canales de la Sierra,ES230
34024444260,0244260,Villarluengo,ES242
34172626039,1726039,Canillas de Río Tuerto,ES230
34024444261,0244261,Villarquemado,ES242
34024444262,0244262,Villarroya de los Pinares,ES242
34172626040,1726040,Cañas,ES230
34024444263,0244263,Villastar,ES242
34122727027,1227027,Lourenzá,ES112
34122727028,1227028,Lugo,ES112
34024444264,0244264,Villel,ES242
34024444265,0244265,Vinaceite,ES242
34172626041,1726041,Cárdenas,ES230
34024444266,0244266,Visiedo,ES242
34024444267,0244267,Vivel del Río Martín,ES242
34172626042,1726042,Casalarreina,ES230
34024444268,0244268,La Zoma,ES242
34024453076,0253076,Comunidad de la Pardina del Mercadal,ES242
34024453077,0253077,El Franco,ES242
34025050001,0250001,Abanto,ES243
34025050002,0250002,Acered,ES243
34025050003,0250003,Agón,ES243
34025050004,0250004,Aguarón,ES243
34025050005,0250005,Aguilón,ES243
34172626043,1726043,Castañares de Rioja,ES230
34025050006,0250006,Ainzón,ES243
34025050007,0250007,Aladrén,ES243
34025050008,0250008,Alagón,ES243
34025050009,0250009,Alarba,ES243
34025050010,0250010,Alberite de San Juan,ES243
34025050011,0250011,Albeta,ES243
34025050012,0250012,Alborge,ES243
34025050013,0250013,Alcalá de Ebro,ES243
34025050014,0250014,Alcalá de Moncayo,ES243
34025050015,0250015,Alconchel de Ariza,ES243
34025050016,0250016,Aldehuela de Liestos,ES243
34153131065,1531065,Caparroso,ES220
34025050017,0250017,Alfajarín,ES243
34025050018,0250018,Alfamén,ES243
34025050019,0250019,Alforque,ES243
34025050020,0250020,Alhama de Aragón,ES243
34025050021,0250021,Almochuel,ES243
34025050022,0250022,La Almolda,ES243
34025050023,0250023,Almonacid de la Cuba,ES243
34025050024,0250024,Almonacid de la Sierra,ES243
34025050025,0250025,La Almunia de Doña Godina,ES243
34153131066,1531066,Cárcar,ES220
34172626044,1726044,Castroviejo,ES230
34025050026,0250026,Alpartir,ES243
34025050027,0250027,Ambel,ES243
34025050028,0250028,Anento,ES243
34153131067,1531067,Carcastillo,ES220
34025050029,0250029,Aniñón,ES243
34153131069,1531069,Cáseda,ES220
34025050030,0250030,Añón de Moncayo,ES243
34153131070,1531070,Castejón,ES220
34025050031,0250031,Aranda de Moncayo,ES243
34153131071,1531071,Castillonuevo,ES220
34025050032,0250032,Arándiga,ES243
34153131072,1531072,Cintruénigo,ES220
34025050033,0250033,Ardisa,ES243
34025050034,0250034,Ariza,ES243
34025050035,0250035,Artieda,ES243
34025050036,0250036,Asín,ES243
34025050037,0250037,Atea,ES243
34025050038,0250038,Ateca,ES243
34153131073,1531073,Ziordia,ES220
34025050039,0250039,Azuara,ES243
34025050040,0250040,Badules,ES243
34172626045,1726045,Cellorigo,ES230
34025050041,0250041,Bagüés,ES243
34025050042,0250042,Balconchán,ES243
34025050043,0250043,Bárboles,ES243
34025050044,0250044,Bardallur,ES243
34025050045,0250045,Belchite,ES243
34025050046,0250046,Belmonte de Gracián,ES243
34025050047,0250047,Berdejo,ES243
34025050048,0250048,Berrueco,ES243
34025050050,0250050,Bijuesca,ES243
34025050051,0250051,Biota,ES243
34025050052,0250052,Bisimbre,ES243
34025050053,0250053,Boquiñeni,ES243
34025050054,0250054,Bordalba,ES243
34025050055,0250055,Borja,ES243
34025050056,0250056,Botorrita,ES243
34025050057,0250057,Brea de Aragón,ES243
34025050058,0250058,Bubierca,ES243
34025050059,0250059,Bujaraloz,ES243
34025050060,0250060,Bulbuente,ES243
34025050061,0250061,Bureta,ES243
34025050062,0250062,El Burgo de Ebro,ES243
34025050063,0250063,El Buste,ES243
34025050064,0250064,Cabañas de Ebro,ES243
34025050065,0250065,Cabolafuente,ES243
34025050066,0250066,Cadrete,ES243
34025050067,0250067,Calatayud,ES243
34025050068,0250068,Calatorao,ES243
34025050069,0250069,Calcena,ES243
34025050070,0250070,Calmarza,ES243
34025050071,0250071,Campillo de Aragón,ES243
34025050072,0250072,Carenas,ES243
34025050073,0250073,Cariñena,ES243
34025050074,0250074,Caspe,ES243
34025050075,0250075,Castejón de Alarba,ES243
34025050076,0250076,Castejón de las Armas,ES243
34025050077,0250077,Castejón de Valdejasa,ES243
34025050078,0250078,Castiliscar,ES243
34025050079,0250079,Cervera de la Cañada,ES243
34025050080,0250080,Cerveruela,ES243
34025050081,0250081,Cetina,ES243
34025050082,0250082,Cimballa,ES243
34025050083,0250083,Cinco Olivas,ES243
34025050084,0250084,Clarés de Ribota,ES243
34025050085,0250085,Codo,ES243
34025050086,0250086,Codos,ES243
34025050087,0250087,Contamina,ES243
34025050088,0250088,Cosuenda,ES243
34025050089,0250089,Cuarte de Huerva,ES243
34025050090,0250090,Cubel,ES243
34025050091,0250091,Las Cuerlas,ES243
34025050092,0250092,Chiprana,ES243
34025050093,0250093,Chodes,ES243
34025050094,0250094,Daroca,ES243
34025050095,0250095,Ejea de los Caballeros,ES243
34025050096,0250096,Embid de Ariza,ES243
34025050098,0250098,Encinacorba,ES243
34025050099,0250099,Épila,ES243
34025050100,0250100,Erla,ES243
34025050101,0250101,Escatrón,ES243
34025050102,0250102,Fabara,ES243
34025050104,0250104,Farlete,ES243
34153131074,1531074,Cirauqui/Zirauki,ES220
34025050105,0250105,Fayón,ES243
34025050106,0250106,Los Fayos,ES243
34153131075,1531075,Ciriza/Ziritza,ES220
34025050107,0250107,Figueruelas,ES243
34025050108,0250108,Fombuena,ES243
34025050109,0250109,El Frago,ES243
34025050110,0250110,El Frasno,ES243
34025050111,0250111,Fréscano,ES243
34025050113,0250113,Fuendejalón,ES243
34025050114,0250114,Fuendetodos,ES243
34025050115,0250115,Fuentes de Ebro,ES243
34025050116,0250116,Fuentes de Jiloca,ES243
34025050117,0250117,Gallocanta,ES243
34025050118,0250118,Gallur,ES243
34025050119,0250119,Gelsa,ES243
34025050120,0250120,Godojos,ES243
34025050121,0250121,Gotor,ES243
34025050122,0250122,Grisel,ES243
34025050123,0250123,Grisén,ES243
34025050124,0250124,Herrera de los Navarros,ES243
34153131247,1531247,Uztárroz/Uztarroze,ES220
34025050125,0250125,Ibdes,ES243
34025050126,0250126,Illueca,ES243
34025050128,0250128,Isuerre,ES243
34025050129,0250129,Jaraba,ES243
34025050130,0250130,Jarque de Moncayo,ES243
34025050131,0250131,Jaulín,ES243
34025050132,0250132,La Joyosa,ES243
34025050133,0250133,Lagata,ES243
34025050134,0250134,Langa del Castillo,ES243
34025050135,0250135,Layana,ES243
34025050136,0250136,Lécera,ES243
34025050137,0250137,Leciñena,ES243
34025050138,0250138,Lechón,ES243
34025050139,0250139,Letux,ES243
34025050140,0250140,Litago,ES243
34025050141,0250141,Lituénigo,ES243
34025050142,0250142,Lobera de Onsella,ES243
34025050143,0250143,Longares,ES243
34025050144,0250144,Longás,ES243
34025050146,0250146,Lucena de Jalón,ES243
34025050147,0250147,Luceni,ES243
34025050148,0250148,Luesia,ES243
34025050149,0250149,Luesma,ES243
34025050150,0250150,Lumpiaque,ES243
34025050151,0250151,Luna,ES243
34153131257,1531257,Villatuerta,ES220
34025050152,0250152,Maella,ES243
34153131258,1531258,Villava/Atarrabia,ES220
34025050153,0250153,Magallón,ES243
34153131259,1531259,Igantzi,ES220
34025050154,0250154,Mainar,ES243
34025050155,0250155,Malanquilla,ES243
34025050156,0250156,Maleján,ES243
34153131260,1531260,Valle de Yerri/Deierri,ES220
34025050157,0250157,Malón,ES243
34025050159,0250159,Maluenda,ES243
34153131261,1531261,Yesa,ES220
34025050160,0250160,Mallén,ES243
34025050161,0250161,Manchones,ES243
34025050162,0250162,Mara,ES243
34025050163,0250163,María de Huerva,ES243
34025050164,0250164,Mediana de Aragón,ES243
34025050165,0250165,Mequinenza,ES243
34025050166,0250166,Mesones de Isuela,ES243
34025050167,0250167,Mezalocha,ES243
34025050168,0250168,Mianos,ES243
34025050169,0250169,Miedes de Aragón,ES243
34153131262,1531262,Zabalza/Zabaltza,ES220
34025050170,0250170,Monegrillo,ES243
34153131263,1531263,Zubieta,ES220
34025050171,0250171,Moneva,ES243
34153131264,1531264,Zugarramurdi,ES220
34025050172,0250172,Monreal de Ariza,ES243
34025050173,0250173,Monterde,ES243
34025050174,0250174,Montón,ES243
34132828072,1328072,Hoyo de Manzanares,ES300
34025050175,0250175,Morata de Jalón,ES243
34025050176,0250176,Morata de Jiloca,ES243
34025050177,0250177,Morés,ES243
34153131265,1531265,Zúñiga,ES220
34025050178,0250178,Moros,ES243
34025050179,0250179,Moyuela,ES243
34025050180,0250180,Mozota,ES243
34025050181,0250181,Muel,ES243
34025050182,0250182,La Muela,ES243
34153131901,1531901,Barañáin/Barañain,ES220
34025050183,0250183,Munébrega,ES243
34025050184,0250184,Murero,ES243
34025050185,0250185,Murillo de Gállego,ES243
34025050186,0250186,Navardún,ES243
34025050187,0250187,Nigüella,ES243
34025050188,0250188,Nombrevilla,ES243
34025050189,0250189,Nonaspe,ES243
34025050190,0250190,Novallas,ES243
34025050191,0250191,Novillas,ES243
34025050192,0250192,Nuévalos,ES243
34025050193,0250193,Nuez de Ebro,ES243
34025050194,0250194,Olvés,ES243
34025050195,0250195,Orcajo,ES243
34025050196,0250196,Orera,ES243
34153131906,1531906,Orkoien,ES220
34025050197,0250197,Orés,ES243
34025050198,0250198,Oseja,ES243
34025050199,0250199,Osera de Ebro,ES243
34153131907,1531907,Zizur Mayor/Zizur Nagusia,ES220
34025050200,0250200,Paniza,ES243
34025050201,0250201,Paracuellos de Jiloca,ES243
34153131908,1531908,Lekunberri,ES220
34025050202,0250202,Paracuellos de la Ribera,ES243
34025050203,0250203,Pastriz,ES243
34025050204,0250204,Pedrola,ES243
34025050205,0250205,Las Pedrosas,ES243
34025050206,0250206,Perdiguera,ES243
34025050207,0250207,Piedratajada,ES243
34025050208,0250208,Pina de Ebro,ES243
34153153059,1553059,Facero de Uzamalarre,ES220
34025050209,0250209,Pinseque,ES243
34025050210,0250210,Los Pintanos,ES243
34025050211,0250211,Plasencia de Jalón,ES243
34025050212,0250212,Pleitas,ES243
34025050213,0250213,Plenas,ES243
34025050214,0250214,Pomer,ES243
34025050215,0250215,Pozuel de Ariza,ES243
34025050216,0250216,Pozuelo de Aragón,ES243
34153153060,1553060,Facería de Arambelza,ES220
34025050217,0250217,Pradilla de Ebro,ES243
34025050218,0250218,Puebla de Albortón,ES243
34153153061,1553061,Mancomunidad de Beunza y Juarbe,ES220
34153153062,1553062,Comunidad de Barbarín y Olejúa,ES220
34025050219,0250219,La Puebla de Alfindén,ES243
34025050220,0250220,Puendeluna,ES243
34025050221,0250221,Purujosa,ES243
34025050222,0250222,Quinto,ES243
34025050223,0250223,Remolinos,ES243
34025050224,0250224,Retascón,ES243
34160101001,1601001,Alegría-Dulantzi,ES211
34160101002,1601002,Amurrio,ES211
34025050225,0250225,Ricla,ES243
34025050227,0250227,Romanos,ES243
34025050228,0250228,Rueda de Jalón,ES243
34025050229,0250229,Ruesca,ES243
34025050230,0250230,Sádaba,ES243
34025050231,0250231,Salillas de Jalón,ES243
34025050232,0250232,Salvatierra de Esca,ES243
34025050233,0250233,Samper del Salz,ES243
34025050234,0250234,San Martín de la Virgen de Moncayo,ES243
34025050235,0250235,San Mateo de Gállego,ES243
34025050236,0250236,Santa Cruz de Grío,ES243
34025050237,0250237,Santa Cruz de Moncayo,ES243
34025050238,0250238,Santa Eulalia de Gállego,ES243
34025050239,0250239,Santed,ES243
34025050240,0250240,Sástago,ES243
34025050241,0250241,Sabiñán,ES243
34025050242,0250242,Sediles,ES243
34025050243,0250243,Sestrica,ES243
34025050244,0250244,Sierra de Luna,ES243
34025050245,0250245,Sigüés,ES243
34025050246,0250246,Sisamón,ES243
34025050247,0250247,Sobradiel,ES243
34025050248,0250248,Sos del Rey Católico,ES243
34160101011,1601011,Baños de Ebro/Mañueta,ES211
34025050249,0250249,Tabuenca,ES243
34025050250,0250250,Talamantes,ES243
34025050251,0250251,Tarazona,ES243
34025050252,0250252,Tauste,ES243
34025050253,0250253,Terrer,ES243
34025050254,0250254,Tierga,ES243
34025050255,0250255,Tobed,ES243
34025050256,0250256,Torralba de los Frailes,ES243
34025050257,0250257,Torralba de Ribota,ES243
34025050258,0250258,Torralbilla,ES243
34025050259,0250259,Torrehermosa,ES243
34025050260,0250260,Torrelapaja,ES243
34025050261,0250261,Torrellas,ES243
34025050262,0250262,Torres de Berrellén,ES243
34025050263,0250263,Torrijo de la Cañada,ES243
34025050264,0250264,Tosos,ES243
34025050265,0250265,Trasmoz,ES243
34025050266,0250266,Trasobares,ES243
34025050267,0250267,Uncastillo,ES243
34025050268,0250268,Undués de Lerda,ES243
34025050269,0250269,Urrea de Jalón,ES243
34025050270,0250270,Urriés,ES243
34025050271,0250271,Used,ES243
34025050272,0250272,Utebo,ES243
34025050273,0250273,Valdehorna,ES243
34025050274,0250274,Val de San Martín,ES243
34025050275,0250275,Valmadrid,ES243
34025050276,0250276,Valpalmas,ES243
34025050277,0250277,Valtorres,ES243
34025050278,0250278,Velilla de Ebro,ES243
34025050279,0250279,Velilla de Jiloca,ES243
34025050280,0250280,Vera de Moncayo,ES243
34025050281,0250281,Vierlas,ES243
34025050282,0250282,La Vilueña,ES243
34025050283,0250283,Villadoz,ES243
34025050284,0250284,Villafeliche,ES243
34025050285,0250285,Villafranca de Ebro,ES243
34160101014,1601014,Berantevilla,ES211
34025050286,0250286,Villalba de Perejil,ES243
34160101022,1601022,Elciego,ES211
34025050287,0250287,Villalengua,ES243
34025050288,0250288,Villanueva de Gállego,ES243
34025050289,0250289,Villanueva de Jiloca,ES243
34160101023,1601023,Elvillar/Bilar,ES211
34025050290,0250290,Villanueva de Huerva,ES243
34025050291,0250291,Villar de los Navarros,ES243
34025050292,0250292,Villarreal de Huerva,ES243
34132828073,1328073,Humanes de Madrid,ES300
34025050293,0250293,Villarroya de la Sierra,ES243
34025050294,0250294,Villarroya del Campo,ES243
34025050295,0250295,Vistabella,ES243
34025050296,0250296,La Zaida,ES243
34025050297,0250297,Zaragoza,ES243
34025050298,0250298,Zuera,ES243
34025050901,0250901,Biel,ES243
34025050902,0250902,Marracos,ES243
34025050903,0250903,Villamayor de Gállego,ES243
34033333001,0333001,Allande,ES120
34033333002,0333002,Aller,ES120
34033333003,0333003,Amieva,ES120
34033333004,0333004,Avilés,ES120
34033333005,0333005,Belmonte de Miranda,ES120
34033333006,0333006,Bimenes,ES120
34033333007,0333007,Boal,ES120
34033333008,0333008,Cabrales,ES120
34033333009,0333009,Cabranes,ES120
34033333010,0333010,Candamo,ES120
34033333011,0333011,Cangas del Narcea,ES120
34033333012,0333012,Cangas de Onís,ES120
34033333013,0333013,Caravia,ES120
34033333014,0333014,Carreño,ES120
34033333015,0333015,Caso,ES120
34033333016,0333016,Castrillón,ES120
34033333017,0333017,Castropol,ES120
34033333018,0333018,Coaña,ES120
34033333018,0333018,Cuaña,ES120
34033333019,0333019,Colunga,ES120
34033333020,0333020,Corvera de Asturias,ES120
34033333021,0333021,Cudillero,ES120
34160101043,1601043,Oyón-Oion,ES211
34033333022,0333022,Degaña,ES120
34033333023,0333023,El Franco,ES120
34033333024,0333024,Gijón,ES120
34033333025,0333025,Gozón,ES120
34033333026,0333026,Grado,ES120
34033333027,0333027,Grandas de Salime,ES120
34033333028,0333028,Ibias,ES120
34033333029,0333029,Illano,ES120
34033333030,0333030,Illas,ES120
34033333031,0333031,Langreo,ES120
34132828083,1328083,Meco,ES300
34033333032,0333032,Laviana,ES120
34033333033,0333033,Lena,ES120
34033333034,0333034,Valdés,ES120
34033333035,0333035,Llanera,ES120
34033333036,0333036,Llanes,ES120
34033333037,0333037,Mieres,ES120
34033333038,0333038,Morcín,ES120
34033333039,0333039,Muros de Nalón,ES120
34033333040,0333040,Nava,ES120
34033333041,0333041,Navia,ES120
34033333042,0333042,Noreña,ES120
34033333043,0333043,Onís,ES120
34033333044,0333044,Oviedo,ES120
34033333045,0333045,Parres,ES120
34033333046,0333046,Peñamellera Alta,ES120
34033333047,0333047,Peñamellera Baja,ES120
34033333048,0333048,Pesoz,ES120
34033333049,0333049,Piloña,ES120
34033333050,0333050,Ponga,ES120
34033333051,0333051,Pravia,ES120
34033333052,0333052,Proaza,ES120
34033333053,0333053,Quirós,ES120
34033333054,0333054,Las Regueras,ES120
34033333055,0333055,Ribadedeva,ES120
34033333056,0333056,Ribadesella,ES120
34033333057,0333057,Ribera de Arriba,ES120
34033333058,0333058,Riosa,ES120
34033333059,0333059,Salas,ES120
34033333060,0333060,San Martín del Rey Aurelio,ES120
34033333061,0333061,San Martín de Oscos,ES120
34033333062,0333062,Santa Eulalia de Oscos,ES120
34033333063,0333063,San Tirso de Abres,ES120
34033333064,0333064,Santo Adriano,ES120
34033333065,0333065,Sariego,ES120
34033333066,0333066,Siero,ES120
34033333067,0333067,Sobrescobio,ES120
34033333068,0333068,Somiedo,ES120
34033333069,0333069,Soto del Barco,ES120
34033333069,0333069,Sotu'l Barcu,ES120
34033333070,0333070,Tapia,ES120
34033333070,0333070,Tapia de Casariego,ES120
34033333071,0333071,Taramundi,ES120
34033333072,0333072,Teverga,ES120
34033333073,0333073,Tineo,ES120
34033333074,0333074,Vegadeo,ES120
34033333075,0333075,Villanueva de Oscos,ES120
34033333076,0333076,Villaviciosa,ES120
34033333077,0333077,Villayón,ES120
34033333078,0333078,Yernes y Tameza,ES120
34040707001,0407001,Alaró,ES532
34040707002,0407002,Alaior,ES533
34040707003,0407003,Alcúdia,ES532
34040707004,0407004,Algaida,ES532
34040707005,0407005,Andratx,ES532
34040707006,0407006,Artà,ES532
34040707007,0407007,Banyalbufar,ES532
34040707008,0407008,Binissalem,ES532
34040707009,0407009,Búger,ES532
34132828084,1328084,Mejorada del Campo,ES300
34132828085,1328085,Miraflores de la Sierra,ES300
34132828086,1328086,El Molar,ES300
34040707010,0407010,Bunyola,ES532
34040707011,0407011,Calvià,ES532
34040707012,0407012,Campanet,ES532
34040707013,0407013,Campos,ES532
34040707014,0407014,Capdepera,ES532
34040707015,0407015,Ciutadella de Menorca,ES533
34040707016,0407016,Consell,ES532
34040707017,0407017,Costitx,ES532
34040707018,0407018,Deià,ES532
34040707019,0407019,Escorca,ES532
34040707020,0407020,Esporles,ES532
34040707021,0407021,Estellencs,ES532
34040707022,0407022,Felanitx,ES532
34040707023,0407023,Ferreries,ES533
34040707024,0407024,Formentera,ES531
34132828087,1328087,Los Molinos,ES300
34132828088,1328088,Montejo de la Sierra,ES300
34132828089,1328089,Moraleja de Enmedio,ES300
34040707025,0407025,Fornalutx,ES532
34040707026,0407026,Eivissa,ES531
34040707027,0407027,Inca,ES532
34040707028,0407028,Lloret de Vistalegre,ES532
34040707029,0407029,Lloseta,ES532
34040707030,0407030,Llubí,ES532
34040707031,0407031,Llucmajor,ES532
34040707032,0407032,Maó,ES533
34040707032,0407032,Maó-Mahón,ES533
34040707033,0407033,Manacor,ES532
34040707034,0407034,Mancor de la Vall,ES532
34040707035,0407035,Maria de la Salut,ES532
34040707036,0407036,Marratxí,ES532
34040707037,0407037,Es Mercadal,ES533
34040707038,0407038,Montuïri,ES532
34040707039,0407039,Muro,ES532
34040707040,0407040,Palma,ES532
34160101047,1601047,Erriberabeitia,ES211
34040707041,0407041,Petra,ES532
34040707042,0407042,Pollença,ES532
34040707043,0407043,Porreres,ES532
34132828091,1328091,Morata de Tajuña,ES300
34132828092,1328092,Móstoles,ES300
34040707044,0407044,Sa Pobla,ES532
34160101049,1601049,Añana,ES211
34040707045,0407045,Puigpunyent,ES532
34040707046,0407046,Sant Antoni de Portmany,ES531
34160101051,1601051,Agurain/Salvatierra,ES211
34040707047,0407047,Sencelles,ES532
34040707048,0407048,Sant Josep de sa Talaia,ES531
34160101052,1601052,Samaniego,ES211
34160101053,1601053,San Millán/Donemiliaga,ES211
34040707049,0407049,Sant Joan,ES532
34040707050,0407050,Sant Joan de Labritja,ES531
34040707051,0407051,Sant Llorenç des Cardassar,ES532
34040707052,0407052,Sant Lluís,ES533
34040707053,0407053,Santa Eugènia,ES532
34040707054,0407054,Santa Eulària des Riu,ES531
34040707055,0407055,Santa Margalida,ES532
34040707056,0407056,Santa María del Camí,ES532
34040707057,0407057,Santanyí,ES532
34040707058,0407058,Selva,ES532
34040707059,0407059,ses Salines,ES532
34040707060,0407060,Sineu,ES532
34040707061,0407061,Sóller,ES532
34040707062,0407062,Son Servera,ES532
34040707063,0407063,Valldemossa,ES532
34040707064,0407064,es Castell,ES533
34040707065,0407065,Vilafranca de Bonany,ES532
34040707901,0407901,Ariany,ES532
34040707902,0407902,Es Migjorn Gran,ES533
34063939001,0639001,Alfoz de Lloredo,ES130
34110606049,1106049,Feria,ES431
34110606050,1106050,Fregenal de la Sierra,ES431
34063939002,0639002,Ampuero,ES130
34063939003,0639003,Anievas,ES130
34063939004,0639004,Arenas de Iguña,ES130
34063939005,0639005,Argoños,ES130
34063939006,0639006,Arnuero,ES130
34132828094,1328094,Navalafuente,ES300
34063939007,0639007,Arredondo,ES130
34132828095,1328095,Navalagamella,ES300
34063939008,0639008,El Astillero,ES130
34132828096,1328096,Navalcarnero,ES300
34160101056,1601056,Harana/Valle de Arana,ES211
34063939009,0639009,Bárcena de Cicero,ES130
34063939010,0639010,Bárcena de Pie de Concha,ES130
34063939011,0639011,Bareyo,ES130
34160101057,1601057,Villabuena de Álava/Eskuernaga,ES211
34063939012,0639012,Cabezón de la Sal,ES130
34160101061,1601061,Zalduondo,ES211
34063939013,0639013,Cabezón de Liébana,ES130
34063939014,0639014,Cabuérniga,ES130
34063939015,0639015,Camaleño,ES130
34063939016,0639016,Camargo,ES130
34063939017,0639017,Campoo de Yuso,ES130
34063939018,0639018,Cartes,ES130
34063939019,0639019,Castañeda,ES130
34063939020,0639020,Castro-Urdiales,ES130
34063939021,0639021,Cieza,ES130
34063939022,0639022,Cillorigo de Liébana,ES130
34063939023,0639023,Colindres,ES130
34063939024,0639024,Comillas,ES130
34063939025,0639025,Los Corrales de Buelna,ES130
34063939026,0639026,Corvera de Toranzo,ES130
34063939027,0639027,Campoo de Enmedio,ES130
34063939028,0639028,Entrambasaguas,ES130
34063939029,0639029,Escalante,ES130
34063939030,0639030,Guriezo,ES130
34063939031,0639031,Hazas de Cesto,ES130
34063939032,0639032,Hermandad de Campoo de Suso,ES130
34063939033,0639033,Herrerías,ES130
34132828115,1328115,Pozuelo de Alarcón,ES300
34063939034,0639034,Lamasón,ES130
34063939035,0639035,Laredo,ES130
34063939036,0639036,Liendo,ES130
34132828116,1328116,Pozuelo del Rey,ES300
34132828117,1328117,Prádena del Rincón,ES300
34132828118,1328118,Puebla de la Sierra,ES300
34132828119,1328119,Quijorna,ES300
34132828120,1328120,Rascafría,ES300
34063939037,0639037,Liérganes,ES130
34063939038,0639038,Limpias,ES130
34063939039,0639039,Luena,ES130
34063939040,0639040,Marina de Cudeyo,ES130
34063939041,0639041,Mazcuerras,ES130
34063939042,0639042,Medio Cudeyo,ES130
34063939043,0639043,Meruelo,ES130
34063939044,0639044,Miengo,ES130
34063939045,0639045,Miera,ES130
34063939046,0639046,Molledo,ES130
34063939047,0639047,Noja,ES130
34063939048,0639048,Penagos,ES130
34063939049,0639049,Peñarrubia,ES130
34063939050,0639050,Pesaguero,ES130
34063939051,0639051,Pesquera,ES130
34063939052,0639052,Piélagos,ES130
34063939053,0639053,Polaciones,ES130
34063939054,0639054,Polanco,ES130
34063939055,0639055,Potes,ES130
34063939056,0639056,Puente Viesgo,ES130
34063939057,0639057,Ramales de la Victoria,ES130
34063939058,0639058,Rasines,ES130
34063939059,0639059,Reinosa,ES130
34063939060,0639060,Reocín,ES130
34063939061,0639061,Ribamontán al Mar,ES130
34063939062,0639062,Ribamontán al Monte,ES130
34063939063,0639063,Rionansa,ES130
34132828136,1328136,Santorcaz,ES300
34132828137,1328137,Los Santos de la Humosa,ES300
34132828138,1328138,La Serna del Monte,ES300
34132828140,1328140,Serranillos del Valle,ES300
34063939064,0639064,Riotuerto,ES130
34063939065,0639065,Las Rozas de Valdearroyo,ES130
34063939066,0639066,Ruente,ES130
34063939067,0639067,Ruesga,ES130
34063939068,0639068,Ruiloba,ES130
34063939069,0639069,San Felices de Buelna,ES130
34063939070,0639070,San Miguel de Aguayo,ES130
34063939071,0639071,San Pedro del Romeral,ES130
34063939072,0639072,San Roque de Riomiera,ES130
34063939073,0639073,Santa Cruz de Bezana,ES130
34063939074,0639074,Santa María de Cayón,ES130
34063939075,0639075,Santander,ES130
34132828146,1328146,Tielmes,ES300
34132828147,1328147,Titulcia,ES300
34063939076,0639076,Santillana del Mar,ES130
34063939077,0639077,Santiurde de Reinosa,ES130
34063939078,0639078,Santiurde de Toranzo,ES130
34063939079,0639079,Santoña,ES130
34063939080,0639080,San Vicente de la Barquera,ES130
34132828155,1328155,Valdaracete,ES300
34063939081,0639081,Saro,ES130
34063939082,0639082,Selaya,ES130
34063939083,0639083,Soba,ES130
34063939084,0639084,Solórzano,ES130
34063939085,0639085,Suances,ES130
34063939086,0639086,Los Tojos,ES130
34063939087,0639087,Torrelavega,ES130
34063939088,0639088,Tresviso,ES130
34063939089,0639089,Tudanca,ES130
34063939090,0639090,Udías,ES130
34063939091,0639091,Valdáliga,ES130
34063939092,0639092,Valdeolea,ES130
34153131077,1531077,Corella,ES220
34063939093,0639093,Valdeprado del Río,ES130
34063939094,0639094,Valderredible,ES130
34063939095,0639095,Val de San Vicente,ES130
34063939096,0639096,Vega de Liébana,ES130
34110606051,1106051,Fuenlabrada de los Montes,ES431
34153131078,1531078,Cortes,ES220
34110606052,1106052,Fuente de Cantos,ES431
34110606053,1106053,Fuente del Arco,ES431
34110606054,1106054,Fuente del Maestre,ES431
34153131079,1531079,Desojo,ES220
34110606055,1106055,Fuentes de León,ES431
34110606056,1106056,Garbayuela,ES431
34153131090,1531090,Eratsun,ES220
34110606057,1106057,Garlitos,ES431
34110606058,1106058,La Garrovilla,ES431
34132828156,1328156,Valdeavero,ES300
34110606059,1106059,Granja de Torrehermosa,ES431
34110606060,1106060,Guareña,ES431
34110606061,1106061,La Haba,ES431
34110606062,1106062,Helechosa de los Montes,ES431
34132828157,1328157,Valdelaguna,ES300
34063939097,0639097,Vega de Pas,ES130
34063939098,0639098,Villacarriedo,ES130
34063939099,0639099,Villaescusa,ES130
34063939100,0639100,Villafufre,ES130
34063939101,0639101,Valle de Villaverde,ES130
34063939102,0639102,Voto,ES130
34063953072,0653072,Comunidad de Campoo y Cabuérniga,ES130
34070505001,0705001,Adanero,ES411
34132828158,1328158,Valdemanco,ES300
34132828159,1328159,Valdemaqueda,ES300
34132828160,1328160,Valdemorillo,ES300
34132828161,1328161,Valdemoro,ES300
34132828162,1328162,Valdeolmos-Alalpardo,ES300
34070505002,0705002,La Adrada,ES411
34070505005,0705005,Albornos,ES411
34070505007,0705007,Aldeanueva de Santa Cruz,ES411
34070505008,0705008,Aldeaseca,ES411
34070505010,0705010,La Aldehuela,ES411
34070505012,0705012,Amavida,ES411
34070505013,0705013,El Arenal,ES411
34070505014,0705014,Arenas de San Pedro,ES411
34070505015,0705015,Arevalillo,ES411
34070505016,0705016,Arévalo,ES411
34070505017,0705017,Aveinte,ES411
34070505018,0705018,Avellaneda,ES411
34070505019,0705019,Ávila,ES411
34070505021,0705021,El Barco de Ávila,ES411
34132828166,1328166,Valverde de Alcalá,ES300
34070505022,0705022,El Barraco,ES411
34070505023,0705023,Barromán,ES411
34070505024,0705024,Becedas,ES411
34070505025,0705025,Becedillas,ES411
34070505026,0705026,Bercial de Zapardiel,ES411
34070505027,0705027,Las Berlanas,ES411
34070505029,0705029,Bernuy-Zapardiel,ES411
34070505030,0705030,Berrocalejo de Aragona,ES411
34070505033,0705033,Blascomillán,ES411
34070505034,0705034,Blasconuño de Matacabras,ES411
34070505035,0705035,Blascosancho,ES411
34070505036,0705036,El Bohodón,ES411
34070505037,0705037,Bohoyo,ES411
34070505038,0705038,Bonilla de la Sierra,ES411
34070505039,0705039,Brabos,ES411
34070505040,0705040,Bularros,ES411
34070505041,0705041,Burgohondo,ES411
34070505042,0705042,Cabezas de Alambre,ES411
34070505043,0705043,Cabezas del Pozo,ES411
34070505044,0705044,Cabezas del Villar,ES411
34070505045,0705045,Cabizuela,ES411
34070505046,0705046,Canales,ES411
34070505047,0705047,Candeleda,ES411
34070505048,0705048,Cantiveros,ES411
34070505049,0705049,Cardeñosa,ES411
34070505051,0705051,La Carrera,ES411
34070505052,0705052,Casas del Puerto,ES411
34070505053,0705053,Casasola,ES411
34070505054,0705054,Casavieja,ES411
34070505055,0705055,Casillas,ES411
34070505056,0705056,Castellanos de Zapardiel,ES411
34070505057,0705057,Cebreros,ES411
34070505058,0705058,Cepeda la Mora,ES411
34070505059,0705059,Cillán,ES411
34070505060,0705060,Cisla,ES411
34070505061,0705061,La Colilla,ES411
34070505062,0705062,Collado de Contreras,ES411
34070505063,0705063,Collado del Mirón,ES411
34070505064,0705064,Constanzana,ES411
34070505065,0705065,Crespos,ES411
34070505066,0705066,Cuevas del Valle,ES411
34070505067,0705067,Chamartín,ES411
34070505069,0705069,Donjimeno,ES411
34070505070,0705070,Donvidas,ES411
34070505072,0705072,Espinosa de los Caballeros,ES411
34070505073,0705073,Flores de Ávila,ES411
34070505074,0705074,Fontiveros,ES411
34070505075,0705075,Fresnedilla,ES411
34070505076,0705076,El Fresno,ES411
34070505077,0705077,Fuente el Saúz,ES411
34070505078,0705078,Fuentes de Año,ES411
34070505079,0705079,Gallegos de Altamiros,ES411
34070505080,0705080,Gallegos de Sobrinos,ES411
34070505081,0705081,Garganta del Villar,ES411
34070505082,0705082,Gavilanes,ES411
34070505083,0705083,Gemuño,ES411
34070505084,0705084,Gilbuena,ES411
34070505085,0705085,Gil García,ES411
34070505086,0705086,Gimialcón,ES411
34070505087,0705087,Gotarrendura,ES411
34070505088,0705088,Grandes y San Martín,ES411
34070505089,0705089,Guisando,ES411
34070505090,0705090,Gutierre-Muñoz,ES411
34070505092,0705092,Hernansancho,ES411
34070505093,0705093,Herradón de Pinares,ES411
34070505094,0705094,Herreros de Suso,ES411
34070505095,0705095,Higuera de las Dueñas,ES411
34070505096,0705096,La Hija de Dios,ES411
34070505097,0705097,La Horcajada,ES411
34070505099,0705099,Horcajo de las Torres,ES411
34070505100,0705100,El Hornillo,ES411
34070505101,0705101,Hoyocasero,ES411
34070505102,0705102,El Hoyo de Pinares,ES411
34070505103,0705103,Hoyorredondo,ES411
34070505104,0705104,Hoyos del Collado,ES411
34070505105,0705105,Hoyos del Espino,ES411
34070505106,0705106,Hoyos de Miguel Muñoz,ES411
34070505107,0705107,Hurtumpascual,ES411
34070505108,0705108,Junciana,ES411
34070505109,0705109,Langa,ES411
34070505110,0705110,Lanzahíta,ES411
34070505112,0705112,El Losar del Barco,ES411
34070505113,0705113,Los Llanos de Tormes,ES411
34070505114,0705114,Madrigal de las Altas Torres,ES411
34123232063,1232063,A Pobra de Trives,ES113
34070505115,0705115,Maello,ES411
34070505116,0705116,Malpartida de Corneja,ES411
34070505117,0705117,Mamblas,ES411
34070505118,0705118,Mancera de Arriba,ES411
34070505119,0705119,Manjabálago y Ortigosa de Rioalmar,ES411
34070505120,0705120,Marlín,ES411
34123232064,1232064,Pontedeva,ES113
34070505121,0705121,Martiherrero,ES411
34070505122,0705122,Martínez,ES411
34070505123,0705123,Mediana de Voltoya,ES411
34070505124,0705124,Medinilla,ES411
34070505125,0705125,Mengamuñoz,ES411
34070505126,0705126,Mesegar de Corneja,ES411
34070505127,0705127,Mijares,ES411
34070505128,0705128,Mingorría,ES411
34070505129,0705129,El Mirón,ES411
34070505130,0705130,Mironcillo,ES411
34070505131,0705131,Mirueña de los Infanzones,ES411
34070505132,0705132,Mombeltrán,ES411
34070505133,0705133,Monsalupe,ES411
34070505134,0705134,Moraleja de Matacabras,ES411
34123232065,1232065,Punxín,ES113
34070505135,0705135,Muñana,ES411
34070505136,0705136,Muñico,ES411
34070505138,0705138,Muñogalindo,ES411
34070505139,0705139,Muñogrande,ES411
34070505140,0705140,Muñomer del Peco,ES411
34070505141,0705141,Muñopepe,ES411
34070505142,0705142,Muñosancho,ES411
34070505143,0705143,Muñotello,ES411
34070505144,0705144,Narrillos del Álamo,ES411
34070505145,0705145,Narrillos del Rebollar,ES411
34070505147,0705147,Narros del Castillo,ES411
34070505148,0705148,Narros del Puerto,ES411
34070505149,0705149,Narros de Saldueña,ES411
34070505151,0705151,Navacepedilla de Corneja,ES411
34070505152,0705152,Nava de Arévalo,ES411
34070505153,0705153,Nava del Barco,ES411
34070505154,0705154,Navadijos,ES411
34070505155,0705155,Navaescurial,ES411
34123232066,1232066,Quintela de Leirado,ES113
34070505156,0705156,Navahondilla,ES411
34070505157,0705157,Navalacruz,ES411
34070505158,0705158,Navalmoral,ES411
34070505159,0705159,Navalonguilla,ES411
34123232067,1232067,Rairiz de Veiga,ES113
34070505160,0705160,Navalosa,ES411
34070505161,0705161,Navalperal de Pinares,ES411
34070505162,0705162,Navalperal de Tormes,ES411
34070505163,0705163,Navaluenga,ES411
34070505164,0705164,Navaquesera,ES411
34070505165,0705165,Navarredonda de Gredos,ES411
34070505166,0705166,Navarredondilla,ES411
34070505167,0705167,Navarrevisca,ES411
34070505168,0705168,Las Navas del Marqués,ES411
34070505169,0705169,Navatalgordo,ES411
34070505170,0705170,Navatejares,ES411
34070505171,0705171,Neila de San Miguel,ES411
34070505172,0705172,Niharra,ES411
34070505173,0705173,Ojos-Albos,ES411
34070505174,0705174,Orbita,ES411
34070505175,0705175,El Oso,ES411
34070505176,0705176,Padiernos,ES411
34070505177,0705177,Pajares de Adaja,ES411
34070505178,0705178,Palacios de Goda,ES411
34070505179,0705179,Papatrigo,ES411
34070505180,0705180,El Parral,ES411
34070505181,0705181,Pascualcobo,ES411
34070505182,0705182,Pedro Bernardo,ES411
34070505183,0705183,Pedro-Rodríguez,ES411
34070505184,0705184,Peguerinos,ES411
34070505185,0705185,Peñalba de Ávila,ES411
34070505186,0705186,Piedrahíta,ES411
34070505187,0705187,Piedralaves,ES411
34070505188,0705188,Poveda,ES411
34070505189,0705189,Poyales del Hoyo,ES411
34070505190,0705190,Pozanco,ES411
34070505191,0705191,Pradosegar,ES411
34070505192,0705192,Puerto Castilla,ES411
34070505193,0705193,Rasueros,ES411
34070505194,0705194,Riocabado,ES411
34132828170,1328170,Villaconejos,ES300
34132828171,1328171,Villa del Prado,ES300
34070505195,0705195,Riofrío,ES411
34070505196,0705196,Rivilla de Barajas,ES411
34132828172,1328172,Villalbilla,ES300
34070505197,0705197,Salobral,ES411
34070505198,0705198,Salvadiós,ES411
34070505199,0705199,San Bartolomé de Béjar,ES411
34070505200,0705200,San Bartolomé de Corneja,ES411
34070505201,0705201,San Bartolomé de Pinares,ES411
34132828173,1328173,Villamanrique de Tajo,ES300
34070505204,0705204,Sanchidrián,ES411
34070505205,0705205,Sanchorreja,ES411
34132828174,1328174,Villamanta,ES300
34132828175,1328175,Villamantilla,ES300
34132828176,1328176,Villanueva de la Cañada,ES300
34132828177,1328177,Villanueva del Pardillo,ES300
34132828178,1328178,Villanueva de Perales,ES300
34132828179,1328179,Villar del Olmo,ES300
34070505206,0705206,San Esteban de los Patos,ES411
34111010207,1110207,Villa del Campo,ES432
34070505207,0705207,San Esteban del Valle,ES411
34070505208,0705208,San Esteban de Zapardiel,ES411
34070505209,0705209,San García de Ingelmos,ES411
34070505210,0705210,San Juan de la Encinilla,ES411
34070505211,0705211,San Juan de la Nava,ES411
34070505212,0705212,San Juan del Molinillo,ES411
34070505213,0705213,San Juan del Olmo,ES411
34070505214,0705214,San Lorenzo de Tormes,ES411
34070505215,0705215,San Martín de la Vega del Alberche,ES411
34070505216,0705216,San Martín del Pimpollar,ES411
34070505217,0705217,San Miguel de Corneja,ES411
34070505218,0705218,San Miguel de Serrezuela,ES411
34070505219,0705219,San Pascual,ES411
34070505220,0705220,San Pedro del Arroyo,ES411
34070505221,0705221,Santa Cruz del Valle,ES411
34070505222,0705222,Santa Cruz de Pinares,ES411
34070505224,0705224,Santa María del Arroyo,ES411
34070505225,0705225,Santa María del Berrocal,ES411
34070505226,0705226,Santa María de los Caballeros,ES411
34070505227,0705227,Santa María del Tiétar,ES411
34070505228,0705228,Santiago del Collado,ES411
34070505229,0705229,Santo Domingo de las Posadas,ES411
34070505230,0705230,Santo Tomé de Zabarcos,ES411
34070505231,0705231,San Vicente de Arévalo,ES411
34070505232,0705232,La Serrada,ES411
34070505233,0705233,Serranillos,ES411
34070505234,0705234,Sigeres,ES411
34070505235,0705235,Sinlabajos,ES411
34070505236,0705236,Solana de Ávila,ES411
34070505237,0705237,Solana de Rioalmar,ES411
34070505238,0705238,Solosancho,ES411
34070505239,0705239,Sotalbo,ES411
34070505240,0705240,Sotillo de la Adrada,ES411
34070505241,0705241,El Tiemblo,ES411
34070505242,0705242,Tiñosillos,ES411
34111010208,1110208,Villa del Rey,ES432
34070505243,0705243,Tolbaños,ES411
34070505244,0705244,Tormellas,ES411
34070505245,0705245,Tornadizos de Ávila,ES411
34070505246,0705246,Tórtoles,ES411
34070505247,0705247,La Torre,ES411
34070505249,0705249,Umbrías,ES411
34070505251,0705251,Vadillo de la Sierra,ES411
34070505252,0705252,Valdecasa,ES411
34070505253,0705253,Vega de Santa María,ES411
34070505254,0705254,Velayos,ES411
34070505256,0705256,Villaflor,ES411
34070505257,0705257,Villafranca de la Sierra,ES411
34070505258,0705258,Villanueva de Gómez,ES411
34070505259,0705259,Villanueva del Aceral,ES411
34070505260,0705260,Villanueva del Campillo,ES411
34070505261,0705261,Villar de Corneja,ES411
34070505262,0705262,Villarejo del Valle,ES411
34070505263,0705263,Villatoro,ES411
34070505264,0705264,Viñegra de Moraña,ES411
34070505265,0705265,Vita,ES411
34070505266,0705266,Zapardiel de la Cañada,ES411
34070505267,0705267,Zapardiel de la Ribera,ES411
34070505901,0705901,San Juan de Gredos,ES411
34070505902,0705902,Santa María del Cubillo,ES411
34070505903,0705903,Diego del Carpio,ES411
34070505904,0705904,Santiago del Tormes,ES411
34070505905,0705905,Villanueva de Ávila,ES411
34070909001,0709001,Abajas,ES412
34070909003,0709003,Adrada de Haza,ES412
34070909006,0709006,Aguas Cándidas,ES412
34070909007,0709007,Aguilar de Bureba,ES412
34070909009,0709009,Albillos,ES412
34070909010,0709010,Alcocero de Mola,ES412
34111010209,1110209,Villamesías,ES432
34070909011,0709011,Alfoz de Bricia,ES412
34070909012,0709012,Alfoz de Santa Gadea,ES412
34070909013,0709013,Altable,ES412
34123232068,1232068,Ramirás,ES113
34070909014,0709014,Los Altos,ES412
34070909016,0709016,Ameyugo,ES412
34070909017,0709017,Anguix,ES412
34143030025,1430025,Lorquí,ES620
34070909018,0709018,Aranda de Duero,ES412
34143030026,1430026,Mazarrón,ES620
34143030027,1430027,Molina de Segura,ES620
34143030028,1430028,Moratalla,ES620
34143030029,1430029,Mula,ES620
34143030030,1430030,Murcia,ES620
34143030031,1430031,Ojós,ES620
34143030032,1430032,Pliego,ES620
34143030033,1430033,Puerto Lumbreras,ES620
34143030034,1430034,Ricote,ES620
34143030035,1430035,San Javier,ES620
34143030036,1430036,San Pedro del Pinatar,ES620
34143030037,1430037,Torre-Pacheco,ES620
34070909019,0709019,Arandilla,ES412
34070909020,0709020,Arauzo de Miel,ES412
34070909021,0709021,Arauzo de Salce,ES412
34070909022,0709022,Arauzo de Torre,ES412
34070909023,0709023,Arcos,ES412
34070909024,0709024,Arenillas de Riopisuerga,ES412
34070909025,0709025,Arija,ES412
34070909026,0709026,Arlanzón,ES412
34070909027,0709027,Arraya de Oca,ES412
34070909029,0709029,Atapuerca,ES412
34111010210,1110210,Villamiel,ES432
34070909030,0709030,Los Ausines,ES412
34070909032,0709032,Avellanosa de Muñó,ES412
34070909033,0709033,Bahabón de Esgueva,ES412
34070909034,0709034,Los Balbases,ES412
34070909035,0709035,Baños de Valdearados,ES412
34070909036,0709036,Bañuelos de Bureba,ES412
34153131093,1531093,Ezcároz/Ezkaroze,ES220
34070909037,0709037,Barbadillo de Herreros,ES412
34070909038,0709038,Barbadillo del Mercado,ES412
34070909039,0709039,Barbadillo del Pez,ES412
34070909041,0709041,Barrio de Muñó,ES412
34070909043,0709043,Los Barrios de Bureba,ES412
34070909044,0709044,Barrios de Colina,ES412
34111010211,1110211,Villanueva de la Sierra,ES432
34070909045,0709045,Basconcillos del Tozo,ES412
34070909046,0709046,Bascuñana,ES412
34070909047,0709047,Belbimbre,ES412
34070909048,0709048,Belorado,ES412
34070909050,0709050,Berberana,ES412
34070909051,0709051,Berlangas de Roa,ES412
34070909052,0709052,Berzosa de Bureba,ES412
34070909054,0709054,Bozoó,ES412
34070909055,0709055,Brazacorta,ES412
34111010212,1110212,Villanueva de la Vera,ES432
34111010213,1110213,Villar del Pedroso,ES432
34070909056,0709056,Briviesca,ES412
34070909057,0709057,Bugedo,ES412
34070909058,0709058,Buniel,ES412
34070909059,0709059,Burgos,ES412
34070909060,0709060,Busto de Bureba,ES412
34070909061,0709061,Cabañes de Esgueva,ES412
34070909062,0709062,Cabezón de la Sierra,ES412
34070909063,0709063,Cavia,ES412
34070909064,0709064,Caleruega,ES412
34070909065,0709065,Campillo de Aranda,ES412
34070909066,0709066,Campolara,ES412
34070909067,0709067,Canicosa de la Sierra,ES412
34070909068,0709068,Cantabrana,ES412
34070909070,0709070,Carazo,ES412
34070909071,0709071,Carcedo de Bureba,ES412
34153131094,1531094,Eslava,ES220
34070909072,0709072,Carcedo de Burgos,ES412
34070909073,0709073,Cardeñadijo,ES412
34070909074,0709074,Cardeñajimeno,ES412
34070909075,0709075,Cardeñuela Riopico,ES412
34070909076,0709076,Carrias,ES412
34070909077,0709077,Cascajares de Bureba,ES412
34070909078,0709078,Cascajares de la Sierra,ES412
34070909079,0709079,Castellanos de Castro,ES412
34070909082,0709082,Castildelgado,ES412
34070909083,0709083,Castil de Peones,ES412
34070909084,0709084,Castrillo de la Reina,ES412
34070909085,0709085,Castrillo de la Vega,ES412
34070909086,0709086,Castrillo del Val,ES412
34070909088,0709088,Castrillo de Riopisuerga,ES412
34070909090,0709090,Castrillo Mota de Judíos,ES412
34070909091,0709091,Castrojeriz,ES412
34070909093,0709093,Cayuela,ES412
34070909094,0709094,Cebrecos,ES412
34070909095,0709095,Celada del Camino,ES412
34070909098,0709098,Cerezo de Río Tirón,ES412
34070909100,0709100,Cerratón de Juarros,ES412
34070909101,0709101,Ciadoncha,ES412
34070909102,0709102,Cillaperlata,ES412
34070909103,0709103,Cilleruelo de Abajo,ES412
34070909104,0709104,Cilleruelo de Arriba,ES412
34070909105,0709105,Ciruelos de Cervera,ES412
34070909108,0709108,Cogollos,ES412
34070909109,0709109,Condado de Treviño,ES412
34070909110,0709110,Contreras,ES412
34070909112,0709112,Coruña del Conde,ES412
34111010214,1110214,Villar de Plasencia,ES432
34070909113,0709113,Covarrubias,ES412
34070909114,0709114,Cubillo del Campo,ES412
34070909115,0709115,Cubo de Bureba,ES412
34070909117,0709117,La Cueva de Roa,ES412
34070909119,0709119,Cuevas de San Clemente,ES412
34070909120,0709120,Encío,ES412
34070909122,0709122,Espinosa de Cervera,ES412
34070909123,0709123,Espinosa del Camino,ES412
34070909124,0709124,Espinosa de los Monteros,ES412
34070909125,0709125,Estépar,ES412
34070909127,0709127,Fontioso,ES412
34070909128,0709128,Frandovínez,ES412
34070909129,0709129,Fresneda de la Sierra Tirón,ES412
34070909130,0709130,Fresneña,ES412
34070909131,0709131,Fresnillo de las Dueñas,ES412
34070909132,0709132,Fresno de Río Tirón,ES412
34070909133,0709133,Fresno de Rodilla,ES412
34070909134,0709134,Frías,ES412
34070909135,0709135,Fuentebureba,ES412
34070909136,0709136,Fuentecén,ES412
34070909137,0709137,Fuentelcésped,ES412
34070909138,0709138,Fuentelisendo,ES412
34070909139,0709139,Fuentemolinos,ES412
34070909140,0709140,Fuentenebro,ES412
34070909141,0709141,Fuentespina,ES412
34070909143,0709143,Galbarros,ES412
34070909144,0709144,La Gallega,ES412
34070909148,0709148,Grijalba,ES412
34070909149,0709149,Grisaleña,ES412
34070909151,0709151,Gumiel de Izán,ES412
34070909152,0709152,Gumiel de Mercado,ES412
34070909154,0709154,Hacinas,ES412
34070909155,0709155,Haza,ES412
34070909159,0709159,Hontanas,ES412
34070909160,0709160,Hontangas,ES412
34070909162,0709162,Hontoria de la Cantera,ES412
34070909163,0709163,Hontoria del Pinar,ES412
34070909164,0709164,Hontoria de Valdearados,ES412
34070909166,0709166,Las Hormazas,ES412
34070909167,0709167,Hornillos del Camino,ES412
34070909168,0709168,La Horra,ES412
34070909169,0709169,Hortigüela,ES412
34070909170,0709170,Hoyales de Roa,ES412
34070909172,0709172,Huérmeces,ES412
34070909173,0709173,Huerta de Arriba,ES412
34070909174,0709174,Huerta de Rey,ES412
34070909175,0709175,Humada,ES412
34070909176,0709176,Hurones,ES412
34070909177,0709177,Ibeas de Juarros,ES412
34070909178,0709178,Ibrillos,ES412
34070909179,0709179,Iglesiarrubia,ES412
34070909180,0709180,Iglesias,ES412
34070909181,0709181,Isar,ES412
34070909182,0709182,Itero del Castillo,ES412
34070909183,0709183,Jaramillo de la Fuente,ES412
34070909184,0709184,Jaramillo Quemado,ES412
34070909189,0709189,Junta de Traslaloma,ES412
34070909190,0709190,Junta de Villalba de Losa,ES412
34070909191,0709191,Jurisdicción de Lara,ES412
34070909192,0709192,Jurisdicción de San Zadornil,ES412
34070909194,0709194,Lerma,ES412
34070909195,0709195,Llano de Bureba,ES412
34070909196,0709196,Madrigal del Monte,ES412
34070909197,0709197,Madrigalejo del Monte,ES412
34070909198,0709198,Mahamud,ES412
34070909199,0709199,Mambrilla de Castrejón,ES412
34070909200,0709200,Mambrillas de Lara,ES412
34070909201,0709201,Mamolar,ES412
34070909202,0709202,Manciles,ES412
34070909206,0709206,Mazuela,ES412
34070909208,0709208,Mecerreyes,ES412
34070909209,0709209,Medina de Pomar,ES412
34153131102,1531102,Ezkurra,ES220
34070909211,0709211,Melgar de Fernamental,ES412
34070909213,0709213,Merindad de Cuesta-Urria,ES412
34070909214,0709214,Merindad de Montija,ES412
34153131103,1531103,Ezprogui,ES220
34153131104,1531104,Falces,ES220
34070909215,0709215,Merindad de Sotoscueva,ES412
34153131105,1531105,Fitero,ES220
34070909216,0709216,Merindad de Valdeporres,ES412
34070909217,0709217,Merindad de Valdivielso,ES412
34070909218,0709218,Milagros,ES412
34070909219,0709219,Miranda de Ebro,ES412
34070909220,0709220,Miraveche,ES412
34070909221,0709221,Modúbar de la Emparedada,ES412
34070909223,0709223,Monasterio de la Sierra,ES412
34070909224,0709224,Monasterio de Rodilla,ES412
34070909225,0709225,Moncalvillo,ES412
34070909226,0709226,Monterrubio de la Demanda,ES412
34070909227,0709227,Montorio,ES412
34070909228,0709228,Moradillo de Roa,ES412
34070909229,0709229,Nava de Roa,ES412
34070909230,0709230,Navas de Bureba,ES412
34070909231,0709231,Nebreda,ES412
34153131106,1531106,Fontellas,ES220
34153131107,1531107,Funes,ES220
34070909232,0709232,Neila,ES412
34070909235,0709235,Olmedillo de Roa,ES412
34070909236,0709236,Olmillos de Muñó,ES412
34070909238,0709238,Oña,ES412
34070909239,0709239,Oquillas,ES412
34070909241,0709241,Orbaneja Riopico,ES412
34070909242,0709242,Padilla de Abajo,ES412
34070909243,0709243,Padilla de Arriba,ES412
34070909244,0709244,Padrones de Bureba,ES412
34070909246,0709246,Palacios de la Sierra,ES412
34070909247,0709247,Palacios de Riopisuerga,ES412
34070909248,0709248,Palazuelos de la Sierra,ES412
34070909249,0709249,Palazuelos de Muñó,ES412
34153131110,1531110,Gallipienzo/Galipentzu,ES220
34070909250,0709250,Pampliega,ES412
34153131111,1531111,Gallués/Galoze,ES220
34070909251,0709251,Pancorbo,ES412
34070909253,0709253,Pardilla,ES412
34070909255,0709255,Partido de la Sierra en Tobalina,ES412
34153131112,1531112,Garaioa,ES220
34070909256,0709256,Pedrosa de Duero,ES412
34070909257,0709257,Pedrosa del Páramo,ES412
34070909258,0709258,Pedrosa del Príncipe,ES412
34070909259,0709259,Pedrosa de Río Úrbel,ES412
34070909261,0709261,Peñaranda de Duero,ES412
34070909262,0709262,Peral de Arlanza,ES412
34070909265,0709265,Piérnigas,ES412
34153131113,1531113,Garde,ES220
34070909266,0709266,Pineda de la Sierra,ES412
34070909267,0709267,Pineda Trasmonte,ES412
34070909268,0709268,Pinilla de los Barruecos,ES412
34070909269,0709269,Pinilla de los Moros,ES412
34070909270,0709270,Pinilla Trasmonte,ES412
34153131114,1531114,Garínoain,ES220
34070909272,0709272,Poza de la Sal,ES412
34070909273,0709273,Prádanos de Bureba,ES412
34070909274,0709274,Pradoluengo,ES412
34070909275,0709275,Presencio,ES412
34070909276,0709276,La Puebla de Arganzón,ES412
34070909277,0709277,Puentedura,ES412
34070909279,0709279,Quemada,ES412
34070909280,0709280,Quintanabureba,ES412
34070909281,0709281,Quintana del Pidio,ES412
34070909283,0709283,Quintanaélez,ES412
34070909287,0709287,Quintanaortuño,ES412
34070909288,0709288,Quintanapalla,ES412
34070909289,0709289,Quintanar de la Sierra,ES412
34070909292,0709292,Quintanavides,ES412
34070909294,0709294,Quintanilla de la Mata,ES412
34070909295,0709295,Quintanilla del Coco,ES412
34070909297,0709297,Las Quintanillas,ES412
34070909298,0709298,Quintanilla San García,ES412
34070909301,0709301,Quintanilla Vivar,ES412
34070909302,0709302,Rabanera del Pinar,ES412
34070909303,0709303,Rábanos,ES412
34070909304,0709304,Rabé de las Calzadas,ES412
34070909306,0709306,Rebolledo de la Torre,ES412
34070909307,0709307,Redecilla del Camino,ES412
34070909308,0709308,Redecilla del Campo,ES412
34070909309,0709309,Regumiel de la Sierra,ES412
34070909310,0709310,Reinoso,ES412
34070909311,0709311,Retuerta,ES412
34070909312,0709312,La Revilla y Ahedo,ES412
34070909314,0709314,Revilla del Campo,ES412
34070909315,0709315,Revillarruz,ES412
34070909316,0709316,Revilla Vallejera,ES412
34070909317,0709317,Rezmondo,ES412
34070909318,0709318,Riocavado de la Sierra,ES412
34070909321,0709321,Roa,ES412
34070909323,0709323,Rojas,ES412
34070909325,0709325,Royuela de Río Franco,ES412
34070909326,0709326,Rubena,ES412
34070909327,0709327,Rublacedo de Abajo,ES412
34070909328,0709328,Rucandio,ES412
34070909329,0709329,Salas de Bureba,ES412
34153131115,1531115,Garralda,ES220
34153131116,1531116,Genevilla,ES220
34153131117,1531117,Goizueta,ES220
34070909330,0709330,Salas de los Infantes,ES412
34070909332,0709332,Saldaña de Burgos,ES412
34070909334,0709334,Salinillas de Bureba,ES412
34070909335,0709335,San Adrián de Juarros,ES412
34070909337,0709337,San Juan del Monte,ES412
34070909338,0709338,San Mamés de Burgos,ES412
34070909339,0709339,San Martín de Rubiales,ES412
34070909340,0709340,San Millán de Lara,ES412
34070909343,0709343,Santa Cecilia,ES412
34070909345,0709345,Santa Cruz de la Salceda,ES412
34070909346,0709346,Santa Cruz del Valle Urbión,ES412
34153131118,1531118,Goñi,ES220
34070909347,0709347,Santa Gadea del Cid,ES412
34153131119,1531119,Güesa/Gorza,ES220
34070909348,0709348,Santa Inés,ES412
34070909350,0709350,Santa María del Campo,ES412
34070909351,0709351,Santa María del Invierno,ES412
34070909352,0709352,Santa María del Mercadillo,ES412
34070909353,0709353,Santa María Rivarredonda,ES412
34070909354,0709354,Santa Olalla de Bureba,ES412
34070909355,0709355,Santibáñez de Esgueva,ES412
34070909356,0709356,Santibáñez del Val,ES412
34070909358,0709358,Santo Domingo de Silos,ES412
34070909360,0709360,San Vicente del Valle,ES412
34070909361,0709361,Sargentes de la Lora,ES412
34070909362,0709362,Sarracín,ES412
34070909363,0709363,Sasamón,ES412
34070909365,0709365,La Sequera de Haza,ES412
34070909366,0709366,Solarana,ES412
34070909368,0709368,Sordillos,ES412
34070909369,0709369,Sotillo de la Ribera,ES412
34070909372,0709372,Sotragero,ES412
34070909373,0709373,Sotresgudo,ES412
34070909374,0709374,Susinos del Páramo,ES412
34070909375,0709375,Tamarón,ES412
34070909377,0709377,Tardajos,ES412
34070909378,0709378,Tejada,ES412
34070909380,0709380,Terradillos de Esgueva,ES412
34070909381,0709381,Tinieblas de la Sierra,ES412
34070909382,0709382,Tobar,ES412
34070909384,0709384,Tordómar,ES412
34070909386,0709386,Torrecilla del Monte,ES412
34070909387,0709387,Torregalindo,ES412
34070909388,0709388,Torrelara,ES412
34070909389,0709389,Torrepadre,ES412
34070909390,0709390,Torresandino,ES412
34070909391,0709391,Tórtoles de Esgueva,ES412
34070909392,0709392,Tosantos,ES412
34070909394,0709394,Trespaderne,ES412
34070909395,0709395,Tubilla del Agua,ES412
34070909396,0709396,Tubilla del Lago,ES412
34070909398,0709398,Úrbel del Castillo,ES412
34070909400,0709400,Vadocondes,ES412
34070909403,0709403,Valdeande,ES412
34070909405,0709405,Valdezate,ES412
34070909406,0709406,Valdorros,ES412
34070909407,0709407,Valmala,ES412
34070909408,0709408,Vallarta de Bureba,ES412
34070909409,0709409,Valle de Manzanedo,ES412
34070909410,0709410,Valle de Mena,ES412
34070909411,0709411,Valle de Oca,ES412
34070909412,0709412,Valle de Tobalina,ES412
34153131123,1531123,Uharte Arakil,ES220
34070909413,0709413,Valle de Valdebezana,ES412
34070909414,0709414,Valle de Valdelaguna,ES412
34070909415,0709415,Valle de Valdelucio,ES412
34070909416,0709416,Valle de Zamanzas,ES412
34070909417,0709417,Vallejera,ES412
34070909418,0709418,Valles de Palenzuela,ES412
34070909419,0709419,Valluércanes,ES412
34070909421,0709421,La Vid y Barrios,ES412
34070909422,0709422,La Vid de Bureba,ES412
34070909423,0709423,Vileña,ES412
34070909424,0709424,Viloria de Rioja,ES412
34070909425,0709425,Vilviestre del Pinar,ES412
34111010215,1110215,Villasbuenas de Gata,ES432
34111010216,1110216,Zarza de Granadilla,ES432
34070909427,0709427,Villadiego,ES412
34070909428,0709428,Villaescusa de Roa,ES412
34070909429,0709429,Villaescusa la Sombría,ES412
34070909430,0709430,Villaespasa,ES412
34070909431,0709431,Villafranca Montes de Oca,ES412
34070909432,0709432,Villafruela,ES412
34070909433,0709433,Villagalijo,ES412
34070909434,0709434,Villagonzalo Pedernales,ES412
34070909437,0709437,Villahoz,ES412
34070909438,0709438,Villalba de Duero,ES412
34070909439,0709439,Villalbilla de Burgos,ES412
34070909440,0709440,Villalbilla de Gumiel,ES412
34070909441,0709441,Villaldemiro,ES412
34070909442,0709442,Villalmanzo,ES412
34070909443,0709443,Villamayor de los Montes,ES412
34070909444,0709444,Villamayor de Treviño,ES412
34070909445,0709445,Villambistia,ES412
34070909446,0709446,Villamedianilla,ES412
34070909447,0709447,Villamiel de la Sierra,ES412
34070909448,0709448,Villangómez,ES412
34070909449,0709449,Villanueva de Argaño,ES412
34070909450,0709450,Villanueva de Carazo,ES412
34070909451,0709451,Villanueva de Gumiel,ES412
34070909454,0709454,Villanueva de Teba,ES412
34070909455,0709455,Villaquirán de la Puebla,ES412
34070909456,0709456,Villaquirán de los Infantes,ES412
34070909458,0709458,Villariezo,ES412
34070909460,0709460,Villasandino,ES412
34070909463,0709463,Villasur de Herreros,ES412
34070909464,0709464,Villatuelda,ES412
34070909466,0709466,Villaverde del Monte,ES412
34070909467,0709467,Villaverde-Mogina,ES412
34070909471,0709471,Villayerno Morquillas,ES412
34070909472,0709472,Villazopeque,ES412
34070909473,0709473,Villegas,ES412
34070909476,0709476,Villoruebo,ES412
34070909478,0709478,Vizcaínos,ES412
34070909480,0709480,Zael,ES412
34070909482,0709482,Zarzosa de Río Pisuerga,ES412
34070909483,0709483,Zazuar,ES412
34070909485,0709485,Zuñeda,ES412
34070909901,0709901,Quintanilla del Agua y Tordueles,ES412
34070909902,0709902,Valle de Santibáñez,ES412
34070909903,0709903,Villarcayo de Merindad de Castilla la Vieja,ES412
34070909904,0709904,Valle de las Navas,ES412
34070909905,0709905,Valle de Sedano,ES412
34111010217,1110217,Zarza de Montánchez,ES432
34111010218,1110218,Zarza la Mayor,ES432
34111010219,1110219,Zorita,ES432
34111010901,1110901,Rosalejo,ES432
34111010902,1110902,Vegaviana,ES432
34111010903,1110903,Alagón del Río,ES432
34111010904,1110904,Tiétar,ES432
34111010905,1110905,Pueblonuevo de Miramontes,ES432
34070909906,0709906,Merindad de Río Ubierna,ES412
34121515001,1215001,Abegondo,ES111
34121515002,1215002,Ames,ES111
34121515003,1215003,Aranga,ES111
34121515004,1215004,Ares,ES111
34121515005,1215005,Arteixo,ES111
34121515006,1215006,Arzúa,ES111
34070909907,0709907,Alfoz de Quintanadueñas,ES412
34123232069,1232069,Ribadavia,ES113
34070909908,0709908,Valle de Losa,ES412
34070953004,0753004,Comunidad de Arauzo de Miel y Huerta del Rey,ES412
34070953005,0753005,Comunidad de Los Ausines y Revilla del Campo,ES412
34070953006,0753006,Comunidad de Barbadillo de Herreros y Vallejimeno (E.L.M.),ES412
34070953007,0753007,"Comunidad de 09076, 09290, 09578, 09606 y 09822",ES412
34070953008,0753008,"Comunidad de 09076, 09290, 09578 y 09822",ES412
34070953009,0753009,Cabeza Alta,ES412
34070953010,0753010,"Comunidad de 09076, 09150 y 09578",ES412
34070953011,0753011,"Comunidad de 09076, 09498 y 09578",ES412
34070953012,0753012,"Comunidad de 09076, 09578, 09606 y 09822",ES412
34070953013,0753013,Comunidad de Barbadillo del Pez y Jaramillo de la Fuente,ES412
34070953014,0753014,Comunidad de Barbadillo del Pez y Riocavado de la Sierra,ES412
34070953015,0753015,Comunidad de Bascuñana y Viloria de Rioja,ES412
34070953016,0753016,Monte Revenga,ES412
34070953017,0753017,Comunidad de Canicosa de la Sierra y Vilviestre del Pinar,ES412
34070953018,0753018,Comunidad de Canicosa de la Sierra y Casarejos,ES412
34070953019,0753019,Soncarazo,ES412
34070953020,0753020,Comunidad de Fuente Carazo,ES412
34070953021,0753021,"Ledanía de 09162, 09290, 09412 y 09606",ES412
34070953022,0753022,Dehesa de San Felices,ES412
34070953023,0753023,Comunidad de Cilleruelo de Arriba y Pineda Trasmonte,ES412
34070953024,0753024,"Comunidad de Covarrubias, Quintanilla del Coco y Retuerta",ES412
34070953025,0753025,Comunidad de Cubillo del Campo y Hontoria de la Cantera,ES412
34070953026,0753026,Comunidad de Gete y Hacinas,ES412
34070953027,0753027,Ledanía de Hacinas y Salas de los Infantes,ES412
34070953028,0753028,"Ledanía de Hacinas, Salas de los Infantes y Villanueva de Carazo",ES412
34070953029,0753029,"Comunidad de 09314, 09374, 09356 y 09126",ES412
34070953031,0753031,Valle de las Venadas,ES412
34070953032,0753032,"Comunidad de Palacios de la Sierra, Vilviestre del Pinar y San Leonardo de Yagüe",ES412
34070953033,0753033,Comunidad de Quintanaortuño y Merindad de Río Ubierna,ES412
34070953034,0753034,Comunidad de Quintanar de la Sierra y Vilviestre del Pinar,ES412
34070953035,0753035,Comunidad de Revilla del Campo y Torrelara,ES412
34070953036,0753036,"Ledanía de Castrillo de la Reina, Hacinas y Salas de los Infantes",ES412
34070953037,0753037,Comunidad de la Aynosa,ES412
34070953038,0753038,Comunidad de Villagalijo y San Vicente del Valle,ES412
34070953039,0753039,Comunidad de Tardajos y Las Quintanillas,ES412
34070953040,0753040,Comunidad de Tardajos y Rabé de las Calzadas,ES412
34070953041,0753041,Comunidad de Tinieblas de la Sierra y San Millán de Lara,ES412
34070953042,0753042,Comunidad de Vilviestre del Pinar y Palacios de la Sierra,ES412
34070953043,0753043,Comunidad de Villoruebo y Torrelara,ES412
34070953044,0753044,Comunidad de Vizcaínos y Jaramillo de la Fuente,ES412
34070953045,0753045,Comunidad de Quintanilla del Agua y Tordueles y Puentedura,ES412
34070953046,0753046,"Comunidad de Merindad de Río Ubierna, Quintanilla Vivar y Sotragero",ES412
34070953073,0753073,Monte de la Mata,ES412
34072424001,0724001,Acebedo,ES413
34072424002,0724002,Algadefe,ES413
34072424003,0724003,Alija del Infantado,ES413
34072424004,0724004,Almanza,ES413
34072424005,0724005,La Antigua,ES413
34072424006,0724006,Ardón,ES413
34072424007,0724007,Arganza,ES413
34072424008,0724008,Astorga,ES413
34072424009,0724009,Balboa,ES413
34072424010,0724010,La Bañeza,ES413
34072424011,0724011,Barjas,ES413
34072424012,0724012,Los Barrios de Luna,ES413
34072424014,0724014,Bembibre,ES413
34072424015,0724015,Benavides,ES413
34123232070,1232070,San Xoán de Río,ES113
34123232071,1232071,Riós,ES113
34072424016,0724016,Benuza,ES413
34072424017,0724017,Bercianos del Páramo,ES413
34072424018,0724018,Bercianos del Real Camino,ES413
34072424019,0724019,Berlanga del Bierzo,ES413
34072424020,0724020,Boca de Huérgano,ES413
34123232072,1232072,A Rúa,ES113
34072424021,0724021,Boñar,ES413
34072424022,0724022,Borrenes,ES413
34072424023,0724023,Brazuelo,ES413
34072424024,0724024,El Burgo Ranero,ES413
34072424025,0724025,Burón,ES413
34123232074,1232074,San Amaro,ES113
34072424026,0724026,Bustillo del Páramo,ES413
34072424027,0724027,Cabañas Raras,ES413
34072424028,0724028,Cabreros del Río,ES413
34072424029,0724029,Cabrillanes,ES413
34072424030,0724030,Cacabelos,ES413
34072424031,0724031,Calzada del Coto,ES413
34072424032,0724032,Campazas,ES413
34072424033,0724033,Campo de Villavidel,ES413
34072424034,0724034,Camponaraya,ES413
34072424036,0724036,Candín,ES413
34072424037,0724037,Cármenes,ES413
34072424038,0724038,Carracedelo,ES413
34072424039,0724039,Carrizo,ES413
34072424040,0724040,Carrocera,ES413
34072424041,0724041,Carucedo,ES413
34072424042,0724042,Castilfalé,ES413
34072424043,0724043,Castrillo de Cabrera,ES413
34072424044,0724044,Castrillo de la Valduerna,ES413
34072424046,0724046,Castrocalbón,ES413
34072424047,0724047,Castrocontrigo,ES413
34072424049,0724049,Castropodame,ES413
34072424050,0724050,Castrotierra de Valmadrigal,ES413
34072424051,0724051,Cea,ES413
34072424052,0724052,Cebanico,ES413
34072424053,0724053,Cebrones del Río,ES413
34072424054,0724054,Cimanes de la Vega,ES413
34072424055,0724055,Cimanes del Tejar,ES413
34123232075,1232075,San Cibrao das Viñas,ES113
34072424056,0724056,Cistierna,ES413
34072424057,0724057,Congosto,ES413
34072424058,0724058,Corbillos de los Oteros,ES413
34072424059,0724059,Corullón,ES413
34072424060,0724060,Crémenes,ES413
34072424061,0724061,Cuadros,ES413
34072424062,0724062,Cubillas de los Oteros,ES413
34072424063,0724063,Cubillas de Rueda,ES413
34072424064,0724064,Cubillos del Sil,ES413
34072424065,0724065,Chozas de Abajo,ES413
34153131124,1531124,Ibargoiti,ES220
34072424066,0724066,Destriana,ES413
34123232080,1232080,A Teixeira,ES113
34072424067,0724067,Encinedo,ES413
34072424068,0724068,La Ercina,ES413
34072424069,0724069,Escobar de Campos,ES413
34153131125,1531125,Igúzquiza,ES220
34072424070,0724070,Fabero,ES413
34072424071,0724071,Folgoso de la Ribera,ES413
34072424073,0724073,Fresno de la Vega,ES413
34072424074,0724074,Fuentes de Carbajal,ES413
34072424076,0724076,Garrafe de Torío,ES413
34072424077,0724077,Gordaliza del Pino,ES413
34072424078,0724078,Gordoncillo,ES413
34123232081,1232081,Toén,ES113
34072424079,0724079,Gradefes,ES413
34072424080,0724080,Grajal de Campos,ES413
34072424081,0724081,Gusendos de los Oteros,ES413
34072424082,0724082,Hospital de Órbigo,ES413
34123232082,1232082,Trasmiras,ES113
34072424083,0724083,Igüeña,ES413
34072424084,0724084,Izagre,ES413
34072424086,0724086,Joarilla de las Matas,ES413
34072424087,0724087,Laguna Dalga,ES413
34072424088,0724088,Laguna de Negrillos,ES413
34123232084,1232084,Verea,ES113
34072424089,0724089,León,ES413
34072424090,0724090,Lucillo,ES413
34072424091,0724091,Luyego,ES413
34072424092,0724092,Llamas de la Ribera,ES413
34072424093,0724093,Magaz de Cepeda,ES413
34072424094,0724094,Mansilla de las Mulas,ES413
34072424095,0724095,Mansilla Mayor,ES413
34072424096,0724096,Maraña,ES413
34153131126,1531126,Imotz,ES220
34072424097,0724097,Matadeón de los Oteros,ES413
34072424098,0724098,Matallana de Torío,ES413
34072424099,0724099,Matanza,ES413
34072424100,0724100,Molinaseca,ES413
34072424101,0724101,Murias de Paredes,ES413
34072424102,0724102,Noceda del Bierzo,ES413
34072424103,0724103,Oencia,ES413
34072424104,0724104,Las Omañas,ES413
34072424105,0724105,Onzonilla,ES413
34072424106,0724106,Oseja de Sajambre,ES413
34153131127,1531127,Irañeta,ES220
34153131128,1531128,Isaba/Izaba,ES220
34072424107,0724107,Pajares de los Oteros,ES413
34072424108,0724108,Palacios de la Valduerna,ES413
34072424109,0724109,Palacios del Sil,ES413
34072424110,0724110,Páramo del Sil,ES413
34072424112,0724112,Peranzanes,ES413
34072424113,0724113,Pobladura de Pelayo García,ES413
34153131129,1531129,Ituren,ES220
34072424114,0724114,La Pola de Gordón,ES413
34153131130,1531130,Iturmendi,ES220
34072424115,0724115,Ponferrada,ES413
34072424116,0724116,Posada de Valdeón,ES413
34072424117,0724117,Pozuelo del Páramo,ES413
34072424118,0724118,Prado de la Guzpeña,ES413
34072424119,0724119,Priaranza del Bierzo,ES413
34072424120,0724120,Prioro,ES413
34172626046,1726046,Cenicero,ES230
34072424121,0724121,Puebla de Lillo,ES413
34072424122,0724122,Puente de Domingo Flórez,ES413
34072424123,0724123,Quintana del Castillo,ES413
34072424124,0724124,Quintana del Marco,ES413
34072424125,0724125,Quintana y Congosto,ES413
34072424127,0724127,Regueras de Arriba,ES413
34072424129,0724129,Reyero,ES413
34160153002,1653002,Parzoneria de Entzia,ES211
34072424130,0724130,Riaño,ES413
34162020001,1620001,Abaltzisketa,ES212
34072424131,0724131,Riego de la Vega,ES413
34123232088,1232088,Vilamartín de Valdeorras,ES113
34072424132,0724132,Riello,ES413
34072424133,0724133,Rioseco de Tapia,ES413
34072424134,0724134,La Robla,ES413
34072424136,0724136,Roperuelos del Páramo,ES413
34072424137,0724137,Sabero,ES413
34172626051,1726051,Clavijo,ES230
34072424139,0724139,Sahagún,ES413
34072424141,0724141,San Adrián del Valle,ES413
34172626052,1726052,Cordovín,ES230
34072424142,0724142,San Andrés del Rabanedo,ES413
34072424143,0724143,Sancedo,ES413
34072424144,0724144,San Cristóbal de la Polantera,ES413
34072424145,0724145,San Emiliano,ES413
34072424146,0724146,San Esteban de Nogales,ES413
34072424148,0724148,San Justo de la Vega,ES413
34072424149,0724149,San Millán de los Caballeros,ES413
34072424150,0724150,San Pedro Bercianos,ES413
34123232089,1232089,Vilar de Barrio,ES113
34072424151,0724151,Santa Colomba de Curueño,ES413
34123232090,1232090,Vilar de Santos,ES113
34123232091,1232091,Vilardevós,ES113
34072424152,0724152,Santa Colomba de Somoza,ES413
34072424153,0724153,Santa Cristina de Valmadrigal,ES413
34072424154,0724154,Santa Elena de Jamuz,ES413
34072424155,0724155,Santa María de la Isla,ES413
34072424156,0724156,Santa María del Monte de Cea,ES413
34072424157,0724157,Santa María del Páramo,ES413
34072424158,0724158,Santa María de Ordás,ES413
34072424159,0724159,Santa Marina del Rey,ES413
34123636002,1236002,Barro,ES114
34123636003,1236003,Baiona,ES114
34123636004,1236004,Bueu,ES114
34072424160,0724160,Santas Martas,ES413
34072424161,0724161,Santiago Millas,ES413
34123636013,1236013,Covelo,ES114
34072424162,0724162,Santovenia de la Valdoncina,ES413
34072424163,0724163,Sariegos,ES413
34121515008,1215008,Bergondo,ES111
34072424164,0724164,Sena de Luna,ES413
34072424165,0724165,Sobrado,ES413
34072424166,0724166,Soto de la Vega,ES413
34072424167,0724167,Soto y Amío,ES413
34072424168,0724168,Toral de los Guzmanes,ES413
34172626053,1726053,Corera,ES230
34072424169,0724169,Toreno,ES413
34162020002,1620002,Aduna,ES212
34072424170,0724170,Torre del Bierzo,ES413
34162020003,1620003,Aizarnazabal,ES212
34162020004,1620004,Albiztur,ES212
34072424171,0724171,Trabadelo,ES413
34072424172,0724172,Truchas,ES413
34072424173,0724173,Turcia,ES413
34072424174,0724174,Urdiales del Páramo,ES413
34072424175,0724175,Valdefresno,ES413
34072424176,0724176,Valdefuentes del Páramo,ES413
34072424177,0724177,Valdelugueros,ES413
34072424178,0724178,Valdemora,ES413
34072424179,0724179,Valdepiélago,ES413
34162020005,1620005,Alegia,ES212
34072424180,0724180,Valdepolo,ES413
34162020006,1620006,Alkiza,ES212
34072424181,0724181,Valderas,ES413
34072424182,0724182,Valderrey,ES413
34072424183,0724183,Valderrueda,ES413
34072424184,0724184,Valdesamario,ES413
34072424185,0724185,Val de San Lorenzo,ES413
34072424187,0724187,Valdevimbre,ES413
34162020007,1620007,Altzo,ES212
34072424188,0724188,Valencia de Don Juan,ES413
34072424189,0724189,Valverde de la Virgen,ES413
34072424190,0724190,Valverde-Enrique,ES413
34072424191,0724191,Vallecillo,ES413
34162020008,1620008,Amezketa,ES212
34072424193,0724193,La Vecilla,ES413
34072424194,0724194,Vegacervera,ES413
34072424196,0724196,Vega de Espinareda,ES413
34072424197,0724197,Vega de Infanzones,ES413
34072424198,0724198,Vega de Valcarce,ES413
34072424199,0724199,Vegaquemada,ES413
34072424201,0724201,Vegas del Condado,ES413
34072424202,0724202,Villablino,ES413
34072424203,0724203,Villabraz,ES413
34072424205,0724205,Villadangos del Páramo,ES413
34072424206,0724206,Toral de los Vados,ES413
34072424207,0724207,Villademor de la Vega,ES413
34072424209,0724209,Villafranca del Bierzo,ES413
34072424210,0724210,Villagatón,ES413
34072424211,0724211,Villamandos,ES413
34072424212,0724212,Villamañán,ES413
34072424213,0724213,Villamartín de Don Sancho,ES413
34072424214,0724214,Villamejil,ES413
34072424215,0724215,Villamol,ES413
34172626056,1726056,Cuzcurrita de Río Tirón,ES230
34072424216,0724216,Villamontán de la Valduerna,ES413
34172626057,1726057,Daroca de Rioja,ES230
34072424217,0724217,Villamoratiel de las Matas,ES413
34072424218,0724218,Villanueva de las Manzanas,ES413
34072424219,0724219,Villaobispo de Otero,ES413
34072424221,0724221,Villaquejida,ES413
34072424222,0724222,Villaquilambre,ES413
34072424223,0724223,Villarejo de Órbigo,ES413
34072424224,0724224,Villares de Órbigo,ES413
34162020030,1620030,Eibar,ES212
34072424225,0724225,Villasabariego,ES413
34172626058,1726058,Enciso,ES230
34072424226,0724226,Villaselán,ES413
34172626059,1726059,Entrena,ES230
34072424227,0724227,Villaturiel,ES413
34072424228,0724228,Villazala,ES413
34172626060,1726060,Estollo,ES230
34072424229,0724229,Villazanzo de Valderaduey,ES413
34072424230,0724230,Zotes del Páramo,ES413
34072424901,0724901,Villamanín,ES413
34072424902,0724902,Villaornate y Castro,ES413
34072453051,0753051,Comunidad de Castrotierra de la Valduerna,ES413
34072453052,0753052,Foncabada,ES413
34072453053,0753053,Comunidad de Soto de la Vega y Villazala,ES413
34072453054,0753054,Mancomunidad de Villagatón y Quintana del Castillo,ES413
34073434001,0734001,Abarca de Campos,ES414
34073434003,0734003,Abia de las Torres,ES414
34073434004,0734004,Aguilar de Campoo,ES414
34073434005,0734005,Alar del Rey,ES414
34073434006,0734006,Alba de Cerrato,ES414
34073434009,0734009,Amayuelas de Arriba,ES414
34073434010,0734010,Ampudia,ES414
34073434011,0734011,Amusco,ES414
34073434012,0734012,Antigüedad,ES414
34073434015,0734015,Arconada,ES414
34073434017,0734017,Astudillo,ES414
34073434018,0734018,Autilla del Pino,ES414
34073434019,0734019,Autillo de Campos,ES414
34073434020,0734020,Ayuela,ES414
34073434022,0734022,Baltanás,ES414
34073434023,0734023,Venta de Baños,ES414
34073434024,0734024,Baquerín de Campos,ES414
34073434025,0734025,Bárcena de Campos,ES414
34073434027,0734027,Barruelo de Santullán,ES414
34073434028,0734028,Báscones de Ojeda,ES414
34073434029,0734029,Becerril de Campos,ES414
34073434031,0734031,Belmonte de Campos,ES414
34073434032,0734032,Berzosilla,ES414
34073434033,0734033,Boada de Campos,ES414
34073434034,0734034,Boadilla del Camino,ES414
34073434035,0734035,Boadilla de Rioseco,ES414
34073434036,0734036,Brañosera,ES414
34172626066,1726066,Galilea,ES230
34073434037,0734037,Buenavista de Valdavia,ES414
34073434038,0734038,Bustillo de la Vega,ES414
34073434039,0734039,Bustillo del Páramo de Carrión,ES414
34073434041,0734041,Calahorra de Boedo,ES414
34073434042,0734042,Calzada de los Molinos,ES414
34073434045,0734045,Capillas,ES414
34073434046,0734046,Cardeñosa de Volpejera,ES414
34073434047,0734047,Carrión de los Condes,ES414
34073434048,0734048,Castil de Vela,ES414
34073434049,0734049,Castrejón de la Peña,ES414
34073434050,0734050,Castrillo de Don Juan,ES414
34073434051,0734051,Castrillo de Onielo,ES414
34073434052,0734052,Castrillo de Villavega,ES414
34073434053,0734053,Castromocho,ES414
34073434055,0734055,Cervatos de la Cueza,ES414
34073434056,0734056,Cervera de Pisuerga,ES414
34073434057,0734057,Cevico de la Torre,ES414
34073434058,0734058,Cevico Navero,ES414
34073434059,0734059,Cisneros,ES414
34172626067,1726067,Gallinero de Cameros,ES230
34073434060,0734060,Cobos de Cerrato,ES414
34073434061,0734061,Collazos de Boedo,ES414
34073434062,0734062,Congosto de Valdavia,ES414
34073434063,0734063,Cordovilla la Real,ES414
34073434066,0734066,Cubillas de Cerrato,ES414
34073434067,0734067,Dehesa de Montejo,ES414
34073434068,0734068,Dehesa de Romanos,ES414
34073434069,0734069,Dueñas,ES414
34172626068,1726068,Gimileo,ES230
34073434070,0734070,Espinosa de Cerrato,ES414
34073434071,0734071,Espinosa de Villagonzalo,ES414
34073434072,0734072,Frechilla,ES414
34073434073,0734073,Fresno del Río,ES414
34073434074,0734074,Frómista,ES414
34073434076,0734076,Fuentes de Nava,ES414
34073434077,0734077,Fuentes de Valdepero,ES414
34073434079,0734079,Grijota,ES414
34073434080,0734080,Guardo,ES414
34073434081,0734081,Guaza de Campos,ES414
34073434082,0734082,Hérmedes de Cerrato,ES414
34073434083,0734083,Herrera de Pisuerga,ES414
34073434084,0734084,Herrera de Valdecañas,ES414
34073434086,0734086,Hontoria de Cerrato,ES414
34073434087,0734087,Hornillos de Cerrato,ES414
34073434088,0734088,Husillos,ES414
34073434089,0734089,Itero de la Vega,ES414
34073434091,0734091,Lagartos,ES414
34073434092,0734092,Lantadilla,ES414
34073434093,0734093,La Vid de Ojeda,ES414
34073434094,0734094,Ledigos,ES414
34073434096,0734096,Lomas,ES414
34073434098,0734098,Magaz de Pisuerga,ES414
34073434099,0734099,Manquillos,ES414
34073434100,0734100,Mantinos,ES414
34073434101,0734101,Marcilla de Campos,ES414
34073434102,0734102,Mazariegos,ES414
34073434103,0734103,Mazuecos de Valdeginate,ES414
34073434104,0734104,Melgar de Yuso,ES414
34073434106,0734106,Meneses de Campos,ES414
34073434107,0734107,Micieces de Ojeda,ES414
34073434108,0734108,Monzón de Campos,ES414
34073434109,0734109,Moratinos,ES414
34073434110,0734110,Mudá,ES414
34073434112,0734112,Nogal de las Huertas,ES414
34073434113,0734113,Olea de Boedo,ES414
34073434114,0734114,Olmos de Ojeda,ES414
34073434116,0734116,Osornillo,ES414
34073434120,0734120,Palencia,ES414
34073434121,0734121,Palenzuela,ES414
34073434122,0734122,Páramo de Boedo,ES414
34123636016,1236016,Dozón,ES114
34123636017,1236017,A Estrada,ES114
34073434123,0734123,Paredes de Nava,ES414
34073434124,0734124,Payo de Ojeda,ES414
34073434125,0734125,Pedraza de Campos,ES414
34073434126,0734126,Pedrosa de la Vega,ES414
34073434127,0734127,Perales,ES414
34073434129,0734129,Pino del Río,ES414
34073434130,0734130,Piña de Campos,ES414
34073434131,0734131,Población de Arroyo,ES414
34073434132,0734132,Población de Campos,ES414
34073434133,0734133,Población de Cerrato,ES414
34073434134,0734134,Polentinos,ES414
34172626069,1726069,Grañón,ES230
34073434135,0734135,Pomar de Valdivia,ES414
34073434136,0734136,Poza de la Vega,ES414
34073434137,0734137,Pozo de Urama,ES414
34073434139,0734139,Prádanos de Ojeda,ES414
34073434140,0734140,La Puebla de Valdavia,ES414
34073434141,0734141,Quintana del Puente,ES414
34073434143,0734143,Quintanilla de Onsoña,ES414
34073434146,0734146,Reinoso de Cerrato,ES414
34073434147,0734147,Renedo de la Vega,ES414
34073434149,0734149,Requena de Campos,ES414
34073434151,0734151,Respenda de la Peña,ES414
34073434152,0734152,Revenga de Campos,ES414
34073434154,0734154,Revilla de Collazos,ES414
34073434155,0734155,Ribas de Campos,ES414
34073434156,0734156,Riberos de la Cueza,ES414
34172626070,1726070,Grávalos,ES230
34073434157,0734157,Saldaña,ES414
34073434158,0734158,Salinas de Pisuerga,ES414
34073434159,0734159,San Cebrián de Campos,ES414
34073434160,0734160,San Cebrián de Mudá,ES414
34073434161,0734161,San Cristóbal de Boedo,ES414
34073434163,0734163,San Mamés de Campos,ES414
34073434165,0734165,San Román de la Cuba,ES414
34073434167,0734167,Santa Cecilia del Alcor,ES414
34073434168,0734168,Santa Cruz de Boedo,ES414
34073434169,0734169,Santervás de la Vega,ES414
34073434170,0734170,Santibáñez de Ecla,ES414
34172626079,1726079,Huércanos,ES230
34073434171,0734171,Santibáñez de la Peña,ES414
34073434174,0734174,Santoyo,ES414
34073434175,0734175,La Serna,ES414
34073434176,0734176,Sotobañado y Priorato,ES414
34073434177,0734177,Soto de Cerrato,ES414
34073434178,0734178,Tabanera de Cerrato,ES414
34073434179,0734179,Tabanera de Valdavia,ES414
34073434180,0734180,Támara de Campos,ES414
34073434181,0734181,Tariego de Cerrato,ES414
34073434182,0734182,Torquemada,ES414
34073434184,0734184,Torremormojón,ES414
34073434185,0734185,Triollo,ES414
34073434186,0734186,Valbuena de Pisuerga,ES414
34073434189,0734189,Valdeolmillos,ES414
34073434190,0734190,Valderrábano,ES414
34073434192,0734192,Valde-Ucieza,ES414
34073434196,0734196,Valle de Cerrato,ES414
34172626082,1726082,Laguna de Cameros,ES230
34073434199,0734199,Velilla del Río Carrión,ES414
34073434201,0734201,Vertavillo,ES414
34073434202,0734202,Villabasta de Valdavia,ES414
34073434204,0734204,Villacidaler,ES414
34073434205,0734205,Villaconancio,ES414
34073434206,0734206,Villada,ES414
34073434208,0734208,Villaeles de Valdavia,ES414
34073434210,0734210,Villahán,ES414
34073434211,0734211,Villaherreros,ES414
34073434213,0734213,Villalaco,ES414
34073434214,0734214,Villalba de Guardo,ES414
34073434215,0734215,Villalcázar de Sirga,ES414
34073434216,0734216,Villalcón,ES414
34073434217,0734217,Villalobón,ES414
34073434218,0734218,Villaluenga de la Vega,ES414
34073434220,0734220,Villamartín de Campos,ES414
34073434221,0734221,Villamediana,ES414
34172626083,1726083,Lagunilla del Jubera,ES230
34073434222,0734222,Villameriel,ES414
34073434223,0734223,Villamoronta,ES414
34073434224,0734224,Villamuera de la Cueza,ES414
34122727057,1227057,Sarria,ES112
34073434225,0734225,Villamuriel de Cerrato,ES414
34122727058,1227058,O Saviñao,ES112
34073434227,0734227,Villanueva del Rebollar,ES414
34073434228,0734228,Villanuño de Valdavia,ES414
34073434229,0734229,Villaprovedo,ES414
34073434230,0734230,Villarmentero de Campos,ES414
34073434231,0734231,Villarrabé,ES414
34073434232,0734232,Villarramiel,ES414
34073434233,0734233,Villasarracino,ES414
34073434234,0734234,Villasila de Valdavia,ES414
34073434236,0734236,Villaturde,ES414
34073434237,0734237,Villaumbrales,ES414
34073434238,0734238,Villaviudas,ES414
34073434240,0734240,Villerías de Campos,ES414
34073434241,0734241,Villodre,ES414
34073434242,0734242,Villodrigo,ES414
34073434243,0734243,Villoldo,ES414
34122727062,1227062,Triacastela,ES112
34073434245,0734245,Villota del Páramo,ES414
34073434246,0734246,Villovieco,ES414
34073434901,0734901,Osorno la Mayor,ES414
34073434902,0734902,Valle del Retortillo,ES414
34073434903,0734903,Loma de Ucieza,ES414
34073434904,0734904,La Pernía,ES414
34073737001,0737001,Abusejo,ES415
34073737002,0737002,Agallas,ES415
34172626084,1726084,Lardero,ES230
34073737003,0737003,Ahigal de los Aceiteros,ES415
34073737004,0737004,Ahigal de Villarino,ES415
34172626086,1726086,Ledesma de la Cogolla,ES230
34073737005,0737005,La Alameda de Gardón,ES415
34073737006,0737006,La Alamedilla,ES415
34073737007,0737007,Alaraz,ES415
34073737008,0737008,Alba de Tormes,ES415
34073737009,0737009,Alba de Yeltes,ES415
34073737010,0737010,La Alberca,ES415
34073737011,0737011,La Alberguería de Argañán,ES415
34073737012,0737012,Alconada,ES415
34073737013,0737013,Aldeacipreste,ES415
34073737014,0737014,Aldeadávila de la Ribera,ES415
34073737015,0737015,Aldea del Obispo,ES415
34073737016,0737016,Aldealengua,ES415
34073737017,0737017,Aldeanueva de Figueroa,ES415
34073737018,0737018,Aldeanueva de la Sierra,ES415
34073737019,0737019,Aldearrodrigo,ES415
34073737020,0737020,Aldearrubia,ES415
34122727901,1227901,Baralla,ES112
34122727902,1227902,Burela,ES112
34172626087,1726087,Leiva,ES230
34073737021,0737021,Aldeaseca de Alba,ES415
34073737022,0737022,Aldeaseca de la Frontera,ES415
34073737023,0737023,Aldeatejada,ES415
34073737024,0737024,Aldeavieja de Tormes,ES415
34073737025,0737025,Aldehuela de la Bóveda,ES415
34172626088,1726088,Leza de Río Leza,ES230
34073737026,0737026,Aldehuela de Yeltes,ES415
34073737027,0737027,Almenara de Tormes,ES415
34073737028,0737028,Almendra,ES415
34123232001,1232001,Allariz,ES113
34073737029,0737029,Anaya de Alba,ES415
34073737030,0737030,Añover de Tormes,ES415
34073737031,0737031,Arabayona de Mógica,ES415
34073737032,0737032,Arapiles,ES415
34073737033,0737033,Arcediano,ES415
34073737034,0737034,El Arco,ES415
34073737035,0737035,Armenteros,ES415
34073737036,0737036,San Miguel del Robledo,ES415
34073737037,0737037,La Atalaya,ES415
34073737038,0737038,Babilafuente,ES415
34073737039,0737039,Bañobárez,ES415
34073737040,0737040,Barbadillo,ES415
34073737041,0737041,Barbalos,ES415
34073737042,0737042,Barceo,ES415
34073737044,0737044,Barruecopardo,ES415
34073737045,0737045,La Bastida,ES415
34172626091,1726091,Lumbreras de Cameros,ES230
34073737046,0737046,Béjar,ES415
34172626092,1726092,Manjarrés,ES230
34073737047,0737047,Beleña,ES415
34073737049,0737049,Bermellar,ES415
34073737050,0737050,Berrocal de Huebra,ES415
34073737051,0737051,Berrocal de Salvatierra,ES415
34073737052,0737052,Boada,ES415
34172626095,1726095,Matute,ES230
34073737054,0737054,El Bodón,ES415
34172626096,1726096,Medrano,ES230
34073737055,0737055,Bogajo,ES415
34123232005,1232005,Baltar,ES113
34073737056,0737056,La Bouza,ES415
34073737057,0737057,Bóveda del Río Almar,ES415
34073737058,0737058,Brincones,ES415
34172626100,1726100,Muro de Aguas,ES230
34073737059,0737059,Buenamadre,ES415
34073737060,0737060,Buenavista,ES415
34172626101,1726101,Muro en Cameros,ES230
34073737061,0737061,El Cabaco,ES415
34073737062,0737062,Cabezabellosa de la Calzada,ES415
34073737063,0737063,La Cabeza de Béjar,ES415
34073737065,0737065,Cabeza del Caballo,ES415
34073737067,0737067,Cabrerizos,ES415
34073737068,0737068,Cabrillas,ES415
34073737069,0737069,Calvarrasa de Abajo,ES415
34073737070,0737070,Calvarrasa de Arriba,ES415
34073737071,0737071,La Calzada de Béjar,ES415
34073737072,0737072,Calzada de Don Diego,ES415
34073737073,0737073,Calzada de Valdunciel,ES415
34073737074,0737074,Campillo de Azaba,ES415
34073737077,0737077,El Campo de Peñaranda,ES415
34073737078,0737078,Candelario,ES415
34073737079,0737079,Canillas de Abajo,ES415
34073737080,0737080,Cantagallo,ES415
34073737081,0737081,Cantalapiedra,ES415
34172626103,1726103,Nalda,ES230
34073737082,0737082,Cantalpino,ES415
34172626104,1726104,Navajún,ES230
34073737083,0737083,Cantaracillo,ES415
34123636021,1236021,Gondomar,ES114
34123636022,1236022,O Grove,ES114
34123636023,1236023,A Guarda,ES114
34073737085,0737085,Carbajosa de la Sagrada,ES415
34123636024,1236024,Lalín,ES114
34073737086,0737086,Carpio de Azaba,ES415
34073737087,0737087,Carrascal de Barregas,ES415
34073737088,0737088,Carrascal del Obispo,ES415
34073737089,0737089,Casafranca,ES415
34073737090,0737090,Las Casas del Conde,ES415
34073737091,0737091,Casillas de Flores,ES415
34073737092,0737092,Castellanos de Moriscos,ES415
34073737096,0737096,Castillejo de Martín Viejo,ES415
34073737097,0737097,Castraz,ES415
34073737098,0737098,Cepeda,ES415
34073737099,0737099,Cereceda de la Sierra,ES415
34073737100,0737100,Cerezal de Peñahorcada,ES415
34073737101,0737101,Cerralbo,ES415
34073737102,0737102,El Cerro,ES415
34073737103,0737103,Cespedosa de Tormes,ES415
34073737104,0737104,Cilleros de la Bastida,ES415
34123636027,1236027,Meaño,ES114
34073737106,0737106,Cipérez,ES415
34073737107,0737107,Ciudad Rodrigo,ES415
34073737108,0737108,Coca de Alba,ES415
34073737109,0737109,Colmenar de Montemayor,ES415
34073737110,0737110,Cordovilla,ES415
34073737112,0737112,Cristóbal,ES415
34123636033,1236033,Mos,ES114
34073737113,0737113,El Cubo de Don Sancho,ES415
34073737114,0737114,Chagarcía Medianero,ES415
34073737115,0737115,Dios le Guarde,ES415
34123636037,1236037,Pazos de Borbén,ES114
34123636038,1236038,Pontevedra,ES114
34073737116,0737116,Doñinos de Ledesma,ES415
34172626105,1726105,Navarrete,ES230
34073737117,0737117,Doñinos de Salamanca,ES415
34172626106,1726106,Nestares,ES230
34073737118,0737118,Éjeme,ES415
34172626107,1726107,Nieva de Cameros,ES230
34073737119,0737119,La Encina,ES415
34073737120,0737120,Encina de San Silvestre,ES415
34073737121,0737121,Encinas de Abajo,ES415
34073737122,0737122,Encinas de Arriba,ES415
34073737123,0737123,Encinasola de los Comendadores,ES415
34073737124,0737124,Endrinal,ES415
34073737125,0737125,Escurial de la Sierra,ES415
34073737126,0737126,Espadaña,ES415
34123636039,1236039,O Porriño,ES114
34073737127,0737127,Espeja,ES415
34073737128,0737128,Espino de la Orbada,ES415
34073737129,0737129,Florida de Liébana,ES415
34073737130,0737130,Forfoleda,ES415
34073737131,0737131,Frades de la Sierra,ES415
34073737132,0737132,La Fregeneda,ES415
34073737133,0737133,Fresnedoso,ES415
34073737134,0737134,Fresno Alhándiga,ES415
34122727029,1227029,Meira,ES112
34073737135,0737135,La Fuente de San Esteban,ES415
34122727030,1227030,Mondoñedo,ES112
34073737136,0737136,Fuenteguinaldo,ES415
34073737137,0737137,Fuenteliante,ES415
34073737138,0737138,Fuenterroble de Salvatierra,ES415
34073737139,0737139,Fuentes de Béjar,ES415
34073737140,0737140,Fuentes de Oñoro,ES415
34073737141,0737141,Gajates,ES415
34172626110,1726110,Ojacastro,ES230
34172626111,1726111,Ollauri,ES230
34073737142,0737142,Galindo y Perahuy,ES415
34073737143,0737143,Galinduste,ES415
34172626112,1726112,Ortigosa de Cameros,ES230
34073737144,0737144,Galisancho,ES415
34172626113,1726113,Pazuengos,ES230
34073737145,0737145,Gallegos de Argañán,ES415
34073737146,0737146,Gallegos de Solmirón,ES415
34172626114,1726114,Pedroso,ES230
34073737147,0737147,Garcibuey,ES415
34073737148,0737148,Garcihernández,ES415
34073737149,0737149,Garcirrey,ES415
34073737150,0737150,Gejuelo del Barro,ES415
34073737151,0737151,Golpejas,ES415
34073737152,0737152,Gomecello,ES415
34073737154,0737154,Guadramiro,ES415
34073737155,0737155,Guijo de Ávila,ES415
34073737156,0737156,Guijuelo,ES415
34073737157,0737157,Herguijuela de Ciudad Rodrigo,ES415
34172626115,1726115,Pinillos,ES230
34073737158,0737158,Herguijuela de la Sierra,ES415
34172626117,1726117,Pradejón,ES230
34073737159,0737159,Herguijuela del Campo,ES415
34143030042,1430042,Villanueva del Río Segura,ES620
34143030043,1430043,Yecla,ES620
34143030901,1430901,Santomera,ES620
34073737160,0737160,Hinojosa de Duero,ES415
34073737161,0737161,Horcajo de Montemayor,ES415
34143030902,1430902,Los Alcázares,ES620
34073737162,0737162,Horcajo Medianero,ES415
34073737163,0737163,La Hoya,ES415
34073737164,0737164,Huerta,ES415
34073737165,0737165,Iruelos,ES415
34073737166,0737166,Ituero de Azaba,ES415
34153131001,1531001,Abáigar,ES220
34073737167,0737167,Juzbado,ES415
34073737168,0737168,Lagunilla,ES415
34073737169,0737169,Larrodrigo,ES415
34073737170,0737170,Ledesma,ES415
34073737171,0737171,Ledrada,ES415
34073737172,0737172,Linares de Riofrío,ES415
34073737173,0737173,Lumbrales,ES415
34153131002,1531002,Abárzuza/Abartzuza,ES220
34073737174,0737174,Macotera,ES415
34073737175,0737175,Machacón,ES415
34073737176,0737176,Madroñal,ES415
34073737177,0737177,El Maíllo,ES415
34073737178,0737178,Malpartida,ES415
34172626118,1726118,Pradillo,ES230
34073737179,0737179,Mancera de Abajo,ES415
34073737180,0737180,El Manzano,ES415
34073737181,0737181,Martiago,ES415
34073737182,0737182,Martinamor,ES415
34153131131,1531131,Iza/Itza,ES220
34073737183,0737183,Martín de Yeltes,ES415
34073737184,0737184,Masueco,ES415
34073737185,0737185,Castellanos de Villiquera,ES415
34073737186,0737186,La Mata de Ledesma,ES415
34153131132,1531132,Izagaondoa,ES220
34073737187,0737187,Matilla de los Caños del Río,ES415
34073737188,0737188,La Maya,ES415
34073737189,0737189,Membribe de la Sierra,ES415
34073737190,0737190,Mieza,ES415
34073737191,0737191,El Milano,ES415
34153131133,1531133,Izalzu/Itzaltzu,ES220
34073737192,0737192,Miranda de Azán,ES415
34073737193,0737193,Miranda del Castañar,ES415
34073737194,0737194,Mogarraz,ES415
34073737195,0737195,Molinillo,ES415
34073737196,0737196,Monforte de la Sierra,ES415
34073737197,0737197,Monleón,ES415
34073737198,0737198,Monleras,ES415
34073737199,0737199,Monsagro,ES415
34073737200,0737200,Montejo,ES415
34073737201,0737201,Montemayor del Río,ES415
34073737202,0737202,Monterrubio de Armuña,ES415
34073737203,0737203,Monterrubio de la Sierra,ES415
34073737204,0737204,Morasverdes,ES415
34073737205,0737205,Morille,ES415
34073737206,0737206,Moríñigo,ES415
34073737207,0737207,Moriscos,ES415
34073737208,0737208,Moronta,ES415
34073737209,0737209,Mozárbez,ES415
34073737211,0737211,Narros de Matalayegua,ES415
34073737212,0737212,Navacarros,ES415
34073737213,0737213,Nava de Béjar,ES415
34073737214,0737214,Nava de Francia,ES415
34172626119,1726119,Préjano,ES230
34073737215,0737215,Nava de Sotrobal,ES415
34153131135,1531135,Javier,ES220
34073737216,0737216,Navales,ES415
34073737217,0737217,Navalmoral de Béjar,ES415
34073737218,0737218,Navamorales,ES415
34073737219,0737219,Navarredonda de la Rinconada,ES415
34153131003,1531003,Abaurregaina/Abaurrea Alta,ES220
34073737221,0737221,Navasfrías,ES415
34073737222,0737222,Negrilla de Palencia,ES415
34123232006,1232006,Bande,ES113
34073737223,0737223,Olmedo de Camaces,ES415
34123232007,1232007,Baños de Molgas,ES113
34073737224,0737224,La Orbada,ES415
34073737225,0737225,Pajares de la Laguna,ES415
34073737226,0737226,Palacios del Arzobispo,ES415
34073737228,0737228,Palaciosrubios,ES415
34073737229,0737229,Palencia de Negrilla,ES415
34153131004,1531004,Abaurrepea/Abaurrea Baja,ES220
34073737230,0737230,Parada de Arriba,ES415
34073737231,0737231,Parada de Rubiales,ES415
34073737232,0737232,Paradinas de San Juan,ES415
34073737233,0737233,Pastores,ES415
34073737234,0737234,El Payo,ES415
34073737235,0737235,Pedraza de Alba,ES415
34073737236,0737236,Pedrosillo de Alba,ES415
34073737237,0737237,Pedrosillo de los Aires,ES415
34073737238,0737238,Pedrosillo el Ralo,ES415
34073737239,0737239,El Pedroso de la Armuña,ES415
34073737240,0737240,Pelabravo,ES415
34073737241,0737241,Pelarrodríguez,ES415
34153131005,1531005,Aberin,ES220
34073737242,0737242,Pelayos,ES415
34073737243,0737243,La Peña,ES415
34073737244,0737244,Peñacaballera,ES415
34073737245,0737245,Peñaparda,ES415
34073737246,0737246,Peñaranda de Bracamonte,ES415
34073737247,0737247,Peñarandilla,ES415
34073737248,0737248,Peralejos de Abajo,ES415
34073737249,0737249,Peralejos de Arriba,ES415
34073737250,0737250,Pereña de la Ribera,ES415
34073737251,0737251,Peromingo,ES415
34073737252,0737252,Pinedas,ES415
34073737253,0737253,El Pino de Tormes,ES415
34073737254,0737254,Pitiegua,ES415
34073737255,0737255,Pizarral,ES415
34073737256,0737256,Poveda de las Cintas,ES415
34073737257,0737257,Pozos de Hinojo,ES415
34172626120,1726120,Quel,ES230
34073737258,0737258,Puebla de Azaba,ES415
34073737259,0737259,Puebla de San Medel,ES415
34172626121,1726121,Rabanera,ES230
34073737260,0737260,Puebla de Yeltes,ES415
34073737261,0737261,Puente del Congosto,ES415
34172626122,1726122,El Rasillo de Cameros,ES230
34073737262,0737262,Puertas,ES415
34073737263,0737263,Puerto de Béjar,ES415
34172626123,1726123,El Redal,ES230
34073737264,0737264,Puerto Seguro,ES415
34073737265,0737265,Rágama,ES415
34073737266,0737266,La Redonda,ES415
34073737267,0737267,Retortillo,ES415
34073737268,0737268,La Rinconada de la Sierra,ES415
34073737269,0737269,Robleda,ES415
34073737270,0737270,Robliza de Cojos,ES415
34073737271,0737271,Rollán,ES415
34172626124,1726124,Ribafrecha,ES230
34073737272,0737272,Saelices el Chico,ES415
34073737273,0737273,La Sagrada,ES415
34073737274,0737274,Salamanca,ES415
34073737275,0737275,Saldeana,ES415
34073737276,0737276,Salmoral,ES415
34153131136,1531136,Juslapeña/Txulapain,ES220
34073737277,0737277,Salvatierra de Tormes,ES415
34073737278,0737278,San Cristóbal de la Cuesta,ES415
34073737279,0737279,Sancti-Spíritus,ES415
34073737280,0737280,Sanchón de la Ribera,ES415
34073737281,0737281,Sanchón de la Sagrada,ES415
34073737282,0737282,Sanchotello,ES415
34073737283,0737283,Sando,ES415
34073737284,0737284,San Esteban de la Sierra,ES415
34073737285,0737285,San Felices de los Gallegos,ES415
34073737286,0737286,San Martín del Castañar,ES415
34073737287,0737287,San Miguel de Valero,ES415
34073737288,0737288,San Morales,ES415
34073737289,0737289,San Muñoz,ES415
34172626125,1726125,Rincón de Soto,ES230
34073737290,0737290,San Pedro del Valle,ES415
34123232008,1232008,Barbadás,ES113
34073737291,0737291,San Pedro de Rozados,ES415
34073737292,0737292,San Pelayo de Guareña,ES415
34073737293,0737293,Santa María de Sando,ES415
34073737294,0737294,Santa Marta de Tormes,ES415
34123232014,1232014,A Bola,ES113
34073737296,0737296,Santiago de la Puebla,ES415
34073737297,0737297,Santibáñez de Béjar,ES415
34073737298,0737298,Santibáñez de la Sierra,ES415
34073737299,0737299,Santiz,ES415
34073737300,0737300,Los Santos,ES415
34073737301,0737301,Sardón de los Frailes,ES415
34073737302,0737302,Saucelle,ES415
34073737303,0737303,El Sahugo,ES415
34073737304,0737304,Sepulcro-Hilario,ES415
34073737305,0737305,Sequeros,ES415
34172626126,1726126,Robres del Castillo,ES230
34073737306,0737306,Serradilla del Arroyo,ES415
34073737307,0737307,Serradilla del Llano,ES415
34073737309,0737309,La Sierpe,ES415
34073737310,0737310,Sieteiglesias de Tormes,ES415
34073737311,0737311,Sobradillo,ES415
34073737312,0737312,Sorihuela,ES415
34122727032,1227032,Monterroso,ES112
34122727033,1227033,Muras,ES112
34073737313,0737313,Sotoserrano,ES415
34122727034,1227034,Navia de Suarna,ES112
34073737314,0737314,Tabera de Abajo,ES415
34073737315,0737315,La Tala,ES415
34073737316,0737316,Tamames,ES415
34073737317,0737317,Tarazona de Guareña,ES415
34073737318,0737318,Tardáguila,ES415
34073737319,0737319,El Tejado,ES415
34172626127,1726127,Rodezno,ES230
34073737320,0737320,Tejeda y Segoyuela,ES415
34172626128,1726128,Sajazarra,ES230
34073737321,0737321,Tenebrón,ES415
34073737322,0737322,Terradillos,ES415
34073737323,0737323,Topas,ES415
34123232018,1232018,Carballeda de Avia,ES113
34073737324,0737324,Tordillos,ES415
34073737325,0737325,El Tornadizo,ES415
34073737327,0737327,Torresmenudas,ES415
34073737328,0737328,Trabanca,ES415
34073737329,0737329,Tremedal de Tormes,ES415
34073737330,0737330,Valdecarros,ES415
34073737331,0737331,Valdefuentes de Sangusín,ES415
34073737332,0737332,Valdehijaderos,ES415
34073737333,0737333,Valdelacasa,ES415
34073737334,0737334,Valdelageve,ES415
34073737335,0737335,Valdelosa,ES415
34073737336,0737336,Valdemierque,ES415
34073737337,0737337,Valderrodrigo,ES415
34073737338,0737338,Valdunciel,ES415
34153131138,1531138,Lakuntza,ES220
34073737339,0737339,Valero,ES415
34073737340,0737340,Valsalabroso,ES415
34073737341,0737341,Valverde de Valdelacasa,ES415
34073737342,0737342,Valverdón,ES415
34073737343,0737343,Vallejera de Riofrío,ES415
34073737344,0737344,Vecinos,ES415
34073737345,0737345,Vega de Tirados,ES415
34123232022,1232022,Castrelo de Miño,ES113
34073737346,0737346,Las Veguillas,ES415
34073737347,0737347,La Vellés,ES415
34073737348,0737348,Ventosa del Río Almar,ES415
34073737349,0737349,La Vídola,ES415
34073737350,0737350,Vilvestre,ES415
34073737351,0737351,Villaflores,ES415
34153131139,1531139,Lana,ES220
34073737352,0737352,Villagonzalo de Tormes,ES415
34153131140,1531140,Lantz,ES220
34073737353,0737353,Villalba de los Llanos,ES415
34153131141,1531141,Lapoblación,ES220
34073737354,0737354,Villamayor,ES415
34073737355,0737355,Villanueva del Conde,ES415
34073737356,0737356,Villar de Argañán,ES415
34073737357,0737357,Villar de Ciervo,ES415
34073737358,0737358,Villar de Gallimazo,ES415
34073737359,0737359,Villar de la Yegua,ES415
34073737360,0737360,Villar de Peralonso,ES415
34073737361,0737361,Villar de Samaniego,ES415
34073737362,0737362,Villares de la Reina,ES415
34172626132,1726132,San Román de Cameros,ES230
34073737363,0737363,Villares de Yeltes,ES415
34073737364,0737364,Villarino de los Aires,ES415
34073737365,0737365,Villarmayor,ES415
34073737366,0737366,Villarmuerto,ES415
34073737367,0737367,Villasbuenas,ES415
34073737368,0737368,Villasdardo,ES415
34073737369,0737369,Villaseco de los Gamitos,ES415
34073737370,0737370,Villaseco de los Reyes,ES415
34073737371,0737371,Villasrubias,ES415
34073737372,0737372,Villaverde de Guareña,ES415
34073737373,0737373,Villavieja de Yeltes,ES415
34073737374,0737374,Villoria,ES415
34073737375,0737375,Villoruela,ES415
34073737376,0737376,Vitigudino,ES415
34122727037,1227037,As Nogais,ES112
34122727038,1227038,Ourol,ES112
34073737377,0737377,Yecla de Yeltes,ES415
34073737378,0737378,Zamarra,ES415
34073737379,0737379,Zamayón,ES415
34073737380,0737380,Zarapicos,ES415
34073737381,0737381,La Zarza de Pumareda,ES415
34073737382,0737382,Zorita de la Frontera,ES415
34073753071,0753071,Coto Mancomunado,ES415
34074040001,0740001,Abades,ES416
34074040002,0740002,Adrada de Pirón,ES416
34074040003,0740003,Adrados,ES416
34172626134,1726134,Santa Coloma,ES230
34074040004,0740004,Aguilafuente,ES416
34074040005,0740005,Alconada de Maderuelo,ES416
34074040006,0740006,Aldealcorvo,ES416
34074040007,0740007,Aldealengua de Pedraza,ES416
34074040008,0740008,Aldealengua de Santa María,ES416
34074040009,0740009,Aldeanueva de la Serrezuela,ES416
34074040010,0740010,Aldeanueva del Codonal,ES416
34074040012,0740012,Aldea Real,ES416
34074040013,0740013,Aldeasoña,ES416
34074040014,0740014,Aldehorno,ES416
34074040015,0740015,Aldehuela del Codonal,ES416
34074040016,0740016,Aldeonte,ES416
34074040017,0740017,Anaya,ES416
34074040018,0740018,Añe,ES416
34074040019,0740019,Arahuetes,ES416
34074040020,0740020,Arcones,ES416
34074040021,0740021,Arevalillo de Cega,ES416
34074040022,0740022,Armuña,ES416
34074040024,0740024,Ayllón,ES416
34074040025,0740025,Barbolla,ES416
34074040026,0740026,Basardilla,ES416
34074040028,0740028,Bercial,ES416
34074040029,0740029,Bercimuel,ES416
34074040030,0740030,Bernardos,ES416
34074040031,0740031,Bernuy de Porreros,ES416
34074040032,0740032,Boceguillas,ES416
34074040033,0740033,Brieva,ES416
34074040034,0740034,Caballar,ES416
34074040035,0740035,Cabañas de Polendos,ES416
34074040036,0740036,Cabezuela,ES416
34074040037,0740037,Calabazas de Fuentidueña,ES416
34074040039,0740039,Campo de San Pedro,ES416
34074040040,0740040,Cantalejo,ES416
34074040041,0740041,Cantimpalos,ES416
34074040043,0740043,Carbonero el Mayor,ES416
34074040044,0740044,Carrascal del Río,ES416
34074040045,0740045,Casla,ES416
34074040046,0740046,Castillejo de Mesleón,ES416
34074040047,0740047,Castro de Fuentidueña,ES416
34074040048,0740048,Castrojimeno,ES416
34074040049,0740049,Castroserna de Abajo,ES416
34074040051,0740051,Castroserracín,ES416
34074040052,0740052,Cedillo de la Torre,ES416
34074040053,0740053,Cerezo de Abajo,ES416
34122727039,1227039,Outeiro de Rei,ES112
34074040054,0740054,Cerezo de Arriba,ES416
34074040055,0740055,Cilleruelo de San Mamés,ES416
34074040056,0740056,Cobos de Fuentidueña,ES416
34074040057,0740057,Coca,ES416
34074040058,0740058,Codorniz,ES416
34074040059,0740059,Collado Hermoso,ES416
34074040060,0740060,Condado de Castilnovo,ES416
34074040061,0740061,Corral de Ayllón,ES416
34074040062,0740062,Cubillo,ES416
34074040063,0740063,Cuéllar,ES416
34074040065,0740065,Chañe,ES416
34074040068,0740068,Domingo García,ES416
34074040069,0740069,Donhierro,ES416
34074040070,0740070,Duruelo,ES416
34074040071,0740071,Encinas,ES416
34074040072,0740072,Encinillas,ES416
34074040073,0740073,Escalona del Prado,ES416
34074040074,0740074,Escarabajosa de Cabezas,ES416
34074040075,0740075,Escobar de Polendos,ES416
34074040076,0740076,El Espinar,ES416
34074040077,0740077,Espirdo,ES416
34074040078,0740078,Fresneda de Cuéllar,ES416
34074040079,0740079,Fresno de Cantespino,ES416
34074040080,0740080,Fresno de la Fuente,ES416
34074040081,0740081,Frumales,ES416
34074040082,0740082,Fuente de Santa Cruz,ES416
34074040083,0740083,Fuente el Olmo de Fuentidueña,ES416
34074040084,0740084,Fuente el Olmo de Íscar,ES416
34074040086,0740086,Fuentepelayo,ES416
34074040087,0740087,Fuentepiñel,ES416
34074040088,0740088,Fuenterrebollo,ES416
34074040089,0740089,Fuentesaúco de Fuentidueña,ES416
34074040091,0740091,Fuentesoto,ES416
34074040092,0740092,Fuentidueña,ES416
34074040093,0740093,Gallegos,ES416
34074040094,0740094,Garcillán,ES416
34074040095,0740095,Gomezserracín,ES416
34074040097,0740097,Grajera,ES416
34074040099,0740099,Honrubia de la Cuesta,ES416
34074040100,0740100,Hontalbilla,ES416
34074040101,0740101,Hontanares de Eresma,ES416
34074040103,0740103,Los Huertos,ES416
34074040104,0740104,Ituero y Lama,ES416
34074040105,0740105,Juarros de Riomoros,ES416
34074040106,0740106,Juarros de Voltoya,ES416
34074040107,0740107,Labajos,ES416
34074040108,0740108,Laguna de Contreras,ES416
34074040109,0740109,Languilla,ES416
34172626146,1726146,Soto en Cameros,ES230
34074040110,0740110,Lastras de Cuéllar,ES416
34074040111,0740111,Lastras del Pozo,ES416
34074040112,0740112,La Lastrilla,ES416
34172626147,1726147,Terroba,ES230
34074040113,0740113,La Losa,ES416
34074040115,0740115,Maderuelo,ES416
34074040118,0740118,Marazuela,ES416
34074040119,0740119,Martín Miguel,ES416
34074040120,0740120,Martín Muñoz de la Dehesa,ES416
34074040121,0740121,Martín Muñoz de las Posadas,ES416
34074040122,0740122,Marugán,ES416
34074040123,0740123,Matabuena,ES416
34074040124,0740124,Mata de Cuéllar,ES416
34074040125,0740125,La Matilla,ES416
34074040126,0740126,Melque de Cercos,ES416
34074040127,0740127,Membibre de la Hoz,ES416
34074040128,0740128,Migueláñez,ES416
34074040129,0740129,Montejo de Arévalo,ES416
34074040130,0740130,Montejo de la Vega de la Serrezuela,ES416
34074040131,0740131,Monterrubio,ES416
34074040132,0740132,Moral de Hornuez,ES416
34074040134,0740134,Mozoncillo,ES416
34074040135,0740135,Muñopedro,ES416
34074040136,0740136,Muñoveros,ES416
34074040138,0740138,Nava de la Asunción,ES416
34074040139,0740139,Navafría,ES416
34074040140,0740140,Navalilla,ES416
34074040141,0740141,Navalmanzano,ES416
34074040142,0740142,Navares de Ayuso,ES416
34074040143,0740143,Navares de Enmedio,ES416
34074040144,0740144,Navares de las Cuevas,ES416
34172626148,1726148,Tirgo,ES230
34074040145,0740145,Navas de Oro,ES416
34074040146,0740146,Navas de San Antonio,ES416
34074040148,0740148,Nieva,ES416
34074040149,0740149,Olombrada,ES416
34074040150,0740150,Orejana,ES416
34074040151,0740151,Ortigosa de Pestaño,ES416
34074040152,0740152,Otero de Herreros,ES416
34074040154,0740154,Pajarejos,ES416
34172626149,1726149,Tobía,ES230
34074040155,0740155,Palazuelos de Eresma,ES416
34074040156,0740156,Pedraza,ES416
34074040157,0740157,Pelayos del Arroyo,ES416
34074040158,0740158,Perosillo,ES416
34074040159,0740159,Pinarejos,ES416
34074040160,0740160,Pinarnegrillo,ES416
34074040161,0740161,Carabias,ES416
34074040162,0740162,Prádena,ES416
34074040163,0740163,Puebla de Pedraza,ES416
34074040164,0740164,Rapariegos,ES416
34074040165,0740165,Rebollo,ES416
34074040166,0740166,Remondo,ES416
34074040168,0740168,Riaguas de San Bartolomé,ES416
34074040170,0740170,Riaza,ES416
34074040171,0740171,Ribota,ES416
34172626150,1726150,Tormantos,ES230
34074040172,0740172,Riofrío de Riaza,ES416
34074040173,0740173,Roda de Eresma,ES416
34074040174,0740174,Sacramenia,ES416
34074040176,0740176,Samboal,ES416
34074040177,0740177,San Cristóbal de Cuéllar,ES416
34074040178,0740178,San Cristóbal de la Vega,ES416
34074040179,0740179,Sanchonuño,ES416
34074040180,0740180,Sangarcía,ES416
34074040181,0740181,Real Sitio de San Ildefonso,ES416
34074040182,0740182,San Martín y Mudrián,ES416
34074040183,0740183,San Miguel de Bernuy,ES416
34074040184,0740184,San Pedro de Gaíllos,ES416
34074040185,0740185,Santa María la Real de Nieva,ES416
34074040186,0740186,Santa Marta del Cerro,ES416
34074040188,0740188,Santiuste de Pedraza,ES416
34074040189,0740189,Santiuste de San Juan Bautista,ES416
34074040190,0740190,Santo Domingo de Pirón,ES416
34074040191,0740191,Santo Tomé del Puerto,ES416
34074040192,0740192,Sauquillo de Cabezas,ES416
34074040193,0740193,Sebúlcor,ES416
34074040194,0740194,Segovia,ES416
34074040195,0740195,Sepúlveda,ES416
34074040196,0740196,Sequera de Fresno,ES416
34074040198,0740198,Sotillo,ES416
34074040199,0740199,Sotosalbos,ES416
34074040200,0740200,Tabanera la Luenga,ES416
34074040201,0740201,Tolocirio,ES416
34074040202,0740202,Torreadrada,ES416
34122727042,1227042,Paradela,ES112
34074040203,0740203,Torrecaballeros,ES416
34074040204,0740204,Torrecilla del Pinar,ES416
34074040205,0740205,Torreiglesias,ES416
34074040206,0740206,Torre Val de San Pedro,ES416
34074040207,0740207,Trescasas,ES416
34074040208,0740208,Turégano,ES416
34074040210,0740210,Urueñas,ES416
34074040211,0740211,Valdeprados,ES416
34074040212,0740212,Valdevacas de Montejo,ES416
34074040213,0740213,Valdevacas y Guijar,ES416
34074040214,0740214,Valseca,ES416
34074040215,0740215,Valtiendas,ES416
34074040216,0740216,Valverde del Majano,ES416
34074040218,0740218,Valle de Tabladillo,ES416
34074040219,0740219,Vallelado,ES416
34074040220,0740220,Valleruela de Pedraza,ES416
34074040221,0740221,Valleruela de Sepúlveda,ES416
34074040222,0740222,Veganzones,ES416
34074040223,0740223,Vegas de Matute,ES416
34074040224,0740224,Ventosilla y Tejadilla,ES416
34172626151,1726151,Torrecilla en Cameros,ES230
34074040225,0740225,Villacastín,ES416
34074040228,0740228,Villaverde de Íscar,ES416
34074040229,0740229,Villaverde de Montejo,ES416
34074040230,0740230,Villeguillo,ES416
34074040231,0740231,Yanguas de Eresma,ES416
34172626152,1726152,Torrecilla sobre Alesanco,ES230
34172626153,1726153,Torre en Cameros,ES230
34074040233,0740233,Zarzuela del Monte,ES416
34074040234,0740234,Zarzuela del Pinar,ES416
34074040901,0740901,Ortigosa del Monte,ES416
34074040902,0740902,Cozuelos de Fuentidueña,ES416
34074040903,0740903,Marazoleja,ES416
34074040904,0740904,Navas de Riofrío,ES416
34172626154,1726154,Torremontalbo,ES230
34074040905,0740905,Cuevas de Provanco,ES416
34074040906,0740906,San Cristóbal de Segovia,ES416
34074053074,0753074,Comunidad de Sepúlveda y Riaza,ES416
34074242001,0742001,Abejar,ES417
34074242003,0742003,Adradas,ES417
34172626155,1726155,Treviana,ES230
34074242004,0742004,Ágreda,ES417
34172626157,1726157,Tricio,ES230
34074242006,0742006,Alconaba,ES417
34074242007,0742007,Alcubilla de Avellaneda,ES417
34074242008,0742008,Alcubilla de las Peñas,ES417
34074242009,0742009,Aldealafuente,ES417
34074242010,0742010,Aldealices,ES417
34074242011,0742011,Aldealpozo,ES417
34074242012,0742012,Aldealseñor,ES417
34074242013,0742013,Aldehuela de Periáñez,ES417
34074242014,0742014,Las Aldehuelas,ES417
34074242015,0742015,Alentisque,ES417
34074242016,0742016,Aliud,ES417
34074242017,0742017,Almajano,ES417
34074242018,0742018,Almaluez,ES417
34172626158,1726158,Tudelilla,ES230
34074242019,0742019,Almarza,ES417
34172626160,1726160,Uruñuela,ES230
34172626161,1726161,Valdemadera,ES230
34074242020,0742020,Almazán,ES417
34074242021,0742021,Almazul,ES417
34074242022,0742022,Almenar de Soria,ES417
34074242023,0742023,Alpanseque,ES417
34074242024,0742024,Arancón,ES417
34074242025,0742025,Arcos de Jalón,ES417
34074242026,0742026,Arenillas,ES417
34074242027,0742027,Arévalo de la Sierra,ES417
34074242028,0742028,Ausejo de la Sierra,ES417
34074242029,0742029,Baraona,ES417
34074242030,0742030,Barca,ES417
34074242031,0742031,Barcones,ES417
34074242032,0742032,Bayubas de Abajo,ES417
34074242033,0742033,Bayubas de Arriba,ES417
34074242034,0742034,Beratón,ES417
34074242035,0742035,Berlanga de Duero,ES417
34074242036,0742036,Blacos,ES417
34074242037,0742037,Bliecos,ES417
34074242038,0742038,Borjabad,ES417
34074242039,0742039,Borobia,ES417
34074242041,0742041,Buberos,ES417
34074242042,0742042,Buitrago,ES417
34074242043,0742043,Burgo de Osma-Ciudad de Osma,ES417
34074242044,0742044,Cabrejas del Campo,ES417
34074242045,0742045,Cabrejas del Pinar,ES417
34074242046,0742046,Calatañazor,ES417
34074242048,0742048,Caltojar,ES417
34074242049,0742049,Candilichera,ES417
34074242050,0742050,Cañamaque,ES417
34074242051,0742051,Carabantes,ES417
34074242052,0742052,Caracena,ES417
34074242053,0742053,Carrascosa de Abajo,ES417
34074242054,0742054,Carrascosa de la Sierra,ES417
34074242055,0742055,Casarejos,ES417
34074242056,0742056,Castilfrío de la Sierra,ES417
34074242057,0742057,Castilruiz,ES417
34074242058,0742058,Castillejo de Robledo,ES417
34074242059,0742059,Centenera de Andaluz,ES417
34074242060,0742060,Cerbón,ES417
34074242061,0742061,Cidones,ES417
34074242062,0742062,Cigudosa,ES417
34074242063,0742063,Cihuela,ES417
34074242064,0742064,Ciria,ES417
34074242065,0742065,Cirujales del Río,ES417
34074242068,0742068,Coscurita,ES417
34074242069,0742069,Covaleda,ES417
34074242070,0742070,Cubilla,ES417
34074242071,0742071,Cubo de la Solana,ES417
34074242073,0742073,Cueva de Ágreda,ES417
34074242075,0742075,Dévanos,ES417
34074242076,0742076,Deza,ES417
34172626162,1726162,Valgañón,ES230
34074242078,0742078,Duruelo de la Sierra,ES417
34074242079,0742079,Escobosa de Almazán,ES417
34074242080,0742080,Espeja de San Marcelino,ES417
34074242081,0742081,Espejón,ES417
34074242082,0742082,Estepa de San Juan,ES417
34074242083,0742083,Frechilla de Almazán,ES417
34074242084,0742084,Fresno de Caracena,ES417
34074242085,0742085,Fuentearmegil,ES417
34074242086,0742086,Fuentecambrón,ES417
34074242087,0742087,Fuentecantos,ES417
34074242088,0742088,Fuentelmonge,ES417
34074242089,0742089,Fuentelsaz de Soria,ES417
34074242090,0742090,Fuentepinilla,ES417
34074242092,0742092,Fuentes de Magaña,ES417
34074242093,0742093,Fuentestrún,ES417
34074242094,0742094,Garray,ES417
34172626163,1726163,Ventosa,ES230
34074242095,0742095,Golmayo,ES417
34074242096,0742096,Gómara,ES417
34074242097,0742097,Gormaz,ES417
34074242098,0742098,Herrera de Soria,ES417
34074242100,0742100,Hinojosa del Campo,ES417
34074242103,0742103,Langa de Duero,ES417
34074242105,0742105,Liceras,ES417
34074242106,0742106,La Losilla,ES417
34074242107,0742107,Magaña,ES417
34074242108,0742108,Maján,ES417
34074242110,0742110,Matalebreras,ES417
34074242111,0742111,Matamala de Almazán,ES417
34074242113,0742113,Medinaceli,ES417
34074242115,0742115,Miño de Medinaceli,ES417
34074242116,0742116,Miño de San Esteban,ES417
34074242117,0742117,Molinos de Duero,ES417
34074242118,0742118,Momblona,ES417
34172626165,1726165,Viguera,ES230
34074242119,0742119,Monteagudo de las Vicarías,ES417
34172626166,1726166,Villalba de Rioja,ES230
34172626167,1726167,Villalobar de Rioja,ES230
34074242120,0742120,Montejo de Tiermes,ES417
34074242121,0742121,Montenegro de Cameros,ES417
34074242123,0742123,Morón de Almazán,ES417
34074242124,0742124,Muriel de la Fuente,ES417
34074242125,0742125,Muriel Viejo,ES417
34074242127,0742127,Nafría de Ucero,ES417
34074242128,0742128,Narros,ES417
34074242129,0742129,Navaleno,ES417
34074242130,0742130,Nepas,ES417
34074242131,0742131,Nolay,ES417
34074242132,0742132,Noviercas,ES417
34074242134,0742134,Ólvega,ES417
34074242135,0742135,Oncala,ES417
34074242139,0742139,Pinilla del Campo,ES417
34074242140,0742140,Portillo de Soria,ES417
34074242141,0742141,La Póveda de Soria,ES417
34074242142,0742142,Pozalmuro,ES417
34172626168,1726168,Villamediana de Iregua,ES230
34074242144,0742144,Quintana Redonda,ES417
34074242145,0742145,Quintanas de Gormaz,ES417
34074242148,0742148,Quiñonería,ES417
34123232023,1232023,Castro Caldelas,ES113
34074242149,0742149,Los Rábanos,ES417
34074242151,0742151,Rebollar,ES417
34074242152,0742152,Recuerda,ES417
34074242153,0742153,Rello,ES417
34074242154,0742154,Renieblas,ES417
34074242155,0742155,Retortillo de Soria,ES417
34074242156,0742156,Reznos,ES417
34074242157,0742157,La Riba de Escalote,ES417
34074242158,0742158,Rioseco de Soria,ES417
34074242159,0742159,Rollamienta,ES417
34172626169,1726169,Villanueva de Cameros,ES230
34074242160,0742160,El Royo,ES417
34074242161,0742161,Salduero,ES417
34074242162,0742162,San Esteban de Gormaz,ES417
34172626170,1726170,El Villar de Arnedo,ES230
34074242163,0742163,San Felices,ES417
34074242164,0742164,San Leonardo de Yagüe,ES417
34074242165,0742165,San Pedro Manrique,ES417
34074242166,0742166,Santa Cruz de Yanguas,ES417
34074242167,0742167,Santa María de Huerta,ES417
34074242168,0742168,Santa María de las Hoyas,ES417
34074242171,0742171,Serón de Nágima,ES417
34074242172,0742172,Soliedra,ES417
34074242173,0742173,Soria,ES417
34074242174,0742174,Sotillo del Rincón,ES417
34074242175,0742175,Suellacabras,ES417
34074242176,0742176,Tajahuerce,ES417
34074242177,0742177,Tajueco,ES417
34074242178,0742178,Talveila,ES417
34172626171,1726171,Villar de Torre,ES230
34074242181,0742181,Tardelcuende,ES417
34074242182,0742182,Taroda,ES417
34074242183,0742183,Tejado,ES417
34074242184,0742184,Torlengua,ES417
34074242185,0742185,Torreblacos,ES417
34074242187,0742187,Torrubia de Soria,ES417
34074242188,0742188,Trévago,ES417
34074242189,0742189,Ucero,ES417
34074242190,0742190,Vadillo,ES417
34074242191,0742191,Valdeavellano de Tera,ES417
34074242192,0742192,Valdegeña,ES417
34074242193,0742193,Valdelagua del Cerro,ES417
34172626172,1726172,Villarejo,ES230
34074242194,0742194,Valdemaluque,ES417
34074242195,0742195,Valdenebro,ES417
34172626173,1726173,Villarroya,ES230
34074242196,0742196,Valdeprado,ES417
34074242197,0742197,Valderrodilla,ES417
34074242198,0742198,Valtajeros,ES417
34074242200,0742200,Velamazán,ES417
34074242201,0742201,Velilla de la Sierra,ES417
34074242202,0742202,Velilla de los Ajos,ES417
34074242204,0742204,Viana de Duero,ES417
34074242205,0742205,Villaciervos,ES417
34074242206,0742206,Villanueva de Gormaz,ES417
34074242207,0742207,Villar del Ala,ES417
34074242208,0742208,Villar del Campo,ES417
34122727043,1227043,O Páramo,ES112
34122727044,1227044,A Pastoriza,ES112
34074242209,0742209,Villar del Río,ES417
34074242211,0742211,Los Villares de Soria,ES417
34074242212,0742212,Villasayas,ES417
34074242213,0742213,Villaseca de Arciel,ES417
34121515009,1215009,Betanzos,ES111
34074242215,0742215,Vinuesa,ES417
34121515010,1215010,Boimorto,ES111
34121515011,1215011,Boiro,ES111
34074242216,0742216,Vizmanos,ES417
34074242217,0742217,Vozmediano,ES417
34074242218,0742218,Yanguas,ES417
34074242219,0742219,Yelo,ES417
34074253075,0753075,San Bartolomé,ES417
34074747001,0747001,Adalia,ES418
34074747002,0747002,Aguasal,ES418
34074747003,0747003,Aguilar de Campos,ES418
34074747004,0747004,Alaejos,ES418
34074747005,0747005,Alcazarén,ES418
34074747006,0747006,Aldea de San Miguel,ES418
34074747007,0747007,Aldeamayor de San Martín,ES418
34074747008,0747008,Almenara de Adaja,ES418
34074747009,0747009,Amusquillo,ES418
34074747010,0747010,Arroyo de la Encomienda,ES418
34074747011,0747011,Ataquines,ES418
34074747012,0747012,Bahabón,ES418
34074747013,0747013,Barcial de la Loma,ES418
34074747014,0747014,Barruelo del Valle,ES418
34074747015,0747015,Becilla de Valderaduey,ES418
34074747016,0747016,Benafarces,ES418
34074747017,0747017,Bercero,ES418
34074747018,0747018,Berceruelo,ES418
34074747019,0747019,Berrueces,ES418
34074747020,0747020,Bobadilla del Campo,ES418
34074747021,0747021,Bocigas,ES418
34074747022,0747022,Bocos de Duero,ES418
34074747023,0747023,Boecillo,ES418
34074747024,0747024,Bolaños de Campos,ES418
34074747025,0747025,Brahojos de Medina,ES418
34074747026,0747026,Bustillo de Chaves,ES418
34074747027,0747027,Cabezón de Pisuerga,ES418
34074747028,0747028,Cabezón de Valderaduey,ES418
34074747029,0747029,Cabreros del Monte,ES418
34074747030,0747030,Campaspero,ES418
34074747031,0747031,El Campillo,ES418
34074747032,0747032,Camporredondo,ES418
34074747033,0747033,Canalejas de Peñafiel,ES418
34074747034,0747034,Canillas de Esgueva,ES418
34074747035,0747035,Carpio,ES418
34074747036,0747036,Casasola de Arión,ES418
34074747037,0747037,Castrejón de Trabancos,ES418
34074747038,0747038,Castrillo de Duero,ES418
34074747039,0747039,Castrillo-Tejeriego,ES418
34074747040,0747040,Castrobol,ES418
34074747041,0747041,Castrodeza,ES418
34074747042,0747042,Castromembibre,ES418
34074747043,0747043,Castromonte,ES418
34074747044,0747044,Castronuevo de Esgueva,ES418
34074747045,0747045,Castronuño,ES418
34074747046,0747046,Castroponce,ES418
34074747047,0747047,Castroverde de Cerrato,ES418
34074747048,0747048,Ceinos de Campos,ES418
34074747049,0747049,Cervillego de la Cruz,ES418
34074747050,0747050,Cigales,ES418
34074747051,0747051,Ciguñuela,ES418
34074747052,0747052,Cistérniga,ES418
34074747053,0747053,Cogeces de Íscar,ES418
34074747054,0747054,Cogeces del Monte,ES418
34074747055,0747055,Corcos,ES418
34074747056,0747056,Corrales de Duero,ES418
34074747057,0747057,Cubillas de Santa Marta,ES418
34074747058,0747058,Cuenca de Campos,ES418
34074747059,0747059,Curiel de Duero,ES418
34074747060,0747060,Encinas de Esgueva,ES418
34074747061,0747061,Esguevillas de Esgueva,ES418
34074747062,0747062,Fombellida,ES418
34074747063,0747063,Fompedraza,ES418
34074747064,0747064,Fontihoyuelo,ES418
34074747065,0747065,Fresno el Viejo,ES418
34074747066,0747066,Fuensaldaña,ES418
34074747067,0747067,Fuente el Sol,ES418
34074747068,0747068,Fuente-Olmedo,ES418
34074747069,0747069,Gallegos de Hornija,ES418
34074747070,0747070,Gatón de Campos,ES418
34074747071,0747071,Geria,ES418
34074747073,0747073,Herrín de Campos,ES418
34074747074,0747074,Hornillos de Eresma,ES418
34074747075,0747075,Íscar,ES418
34121515017,1215017,Cambre,ES111
34074747076,0747076,Laguna de Duero,ES418
34074747077,0747077,Langayo,ES418
34074747078,0747078,Lomoviejo,ES418
34074747079,0747079,Llano de Olmedo,ES418
34074747080,0747080,Manzanillo,ES418
34074747081,0747081,Marzales,ES418
34074747082,0747082,Matapozuelos,ES418
34074747083,0747083,Matilla de los Caños,ES418
34172626174,1726174,Villarta-Quintana,ES230
34074747084,0747084,Mayorga,ES418
34074747085,0747085,Medina del Campo,ES418
34172626175,1726175,Villavelayo,ES230
34074747086,0747086,Medina de Rioseco,ES418
34074747087,0747087,Megeces,ES418
34074747088,0747088,Melgar de Abajo,ES418
34074747089,0747089,Melgar de Arriba,ES418
34172626176,1726176,Villaverde de Rioja,ES230
34074747090,0747090,Mojados,ES418
34074747091,0747091,Monasterio de Vega,ES418
34074747092,0747092,Montealegre de Campos,ES418
34074747093,0747093,Montemayor de Pililla,ES418
34074747094,0747094,Moral de la Reina,ES418
34074747095,0747095,Moraleja de las Panaderas,ES418
34074747096,0747096,Morales de Campos,ES418
34074747097,0747097,Mota del Marqués,ES418
34074747098,0747098,Mucientes,ES418
34074747099,0747099,La Mudarra,ES418
34074747100,0747100,Muriel,ES418
34172626180,1726180,Zarratón,ES230
34074747101,0747101,Nava del Rey,ES418
34074747102,0747102,Nueva Villa de las Torres,ES418
34074747103,0747103,Olivares de Duero,ES418
34121515018,1215018,A Capela,ES111
34121515019,1215019,Carballo,ES111
34121515020,1215020,Carnota,ES111
34074747104,0747104,Olmedo,ES418
34074747105,0747105,Olmos de Esgueva,ES418
34121515021,1215021,Carral,ES111
34121515022,1215022,Cedeira,ES111
34074747106,0747106,Olmos de Peñafiel,ES418
34074747109,0747109,Palazuelo de Vedija,ES418
34074747110,0747110,La Parrilla,ES418
34121515023,1215023,Cee,ES111
34074747111,0747111,La Pedraja de Portillo,ES418
34074747112,0747112,Pedrajas de San Esteban,ES418
34172626181,1726181,Zarzosa,ES230
34172626183,1726183,Zorraquín,ES230
34074747113,0747113,Pedrosa del Rey,ES418
34122727046,1227046,Pol,ES112
34074747114,0747114,Peñafiel,ES418
34074747115,0747115,Peñaflor de Hornija,ES418
34074747116,0747116,Pesquera de Duero,ES418
34074747117,0747117,Piña de Esgueva,ES418
34074747118,0747118,Piñel de Abajo,ES418
34074747119,0747119,Piñel de Arriba,ES418
34074747121,0747121,Pollos,ES418
34172653056,1753056,"Mancomunidad de Nalda, Sorzano y Viguera",ES230
34185151001,1851001,Ceuta,ES630
34195252001,1952001,Melilla,ES640
34074747122,0747122,Portillo,ES418
34074747123,0747123,Pozal de Gallinas,ES418
34074747124,0747124,Pozaldez,ES418
34074747125,0747125,Pozuelo de la Orden,ES418
34074747126,0747126,Puras,ES418
34074747127,0747127,Quintanilla de Arriba,ES418
34074747128,0747128,Quintanilla del Molar,ES418
34074747129,0747129,Quintanilla de Onésimo,ES418
34074747130,0747130,Quintanilla de Trigueros,ES418
34074747131,0747131,Rábano,ES418
34074747132,0747132,Ramiro,ES418
34074747133,0747133,Renedo de Esgueva,ES418
34074747134,0747134,Roales de Campos,ES418
34074747135,0747135,Robladillo,ES418
34074747137,0747137,Roturas,ES418
34074747138,0747138,Rubí de Bracamonte,ES418
34074747139,0747139,Rueda,ES418
34074747140,0747140,Saelices de Mayorga,ES418
34074747141,0747141,Salvador de Zapardiel,ES418
34074747142,0747142,San Cebrián de Mazote,ES418
34074747143,0747143,San Llorente,ES418
34074747144,0747144,San Martín de Valvení,ES418
34074747145,0747145,San Miguel del Arroyo,ES418
34074747146,0747146,San Miguel del Pino,ES418
34074747147,0747147,San Pablo de la Moraleja,ES418
34074747148,0747148,San Pedro de Latarce,ES418
34074747149,0747149,San Pelayo,ES418
34074747150,0747150,San Román de Hornija,ES418
34074747151,0747151,San Salvador,ES418
34074747152,0747152,Santa Eufemia del Arroyo,ES418
34074747153,0747153,Santervás de Campos,ES418
34074747154,0747154,Santibáñez de Valcorba,ES418
34074747155,0747155,Santovenia de Pisuerga,ES418
34074747156,0747156,San Vicente del Palacio,ES418
34074747157,0747157,Sardón de Duero,ES418
34074747158,0747158,La Seca,ES418
34074747159,0747159,Serrada,ES418
34074747160,0747160,Siete Iglesias de Trabancos,ES418
34164848039,1648039,Garai,ES213
34074747161,0747161,Simancas,ES418
34164848040,1648040,Gatika,ES213
34074747162,0747162,Tamariz de Campos,ES418
34074747163,0747163,Tiedra,ES418
34074747164,0747164,Tordehumos,ES418
34122727052,1227052,Ribas de Sil,ES112
34074747165,0747165,Tordesillas,ES418
34074747166,0747166,Torrecilla de la Abadesa,ES418
34074747167,0747167,Torrecilla de la Orden,ES418
34074747168,0747168,Torrecilla de la Torre,ES418
34074747169,0747169,Torre de Esgueva,ES418
34074747170,0747170,Torre de Peñafiel,ES418
34074747171,0747171,Torrelobatón,ES418
34074747172,0747172,Torrescárcela,ES418
34074747173,0747173,Traspinedo,ES418
34074747174,0747174,Trigueros del Valle,ES418
34123232025,1232025,Cenlle,ES113
34074747175,0747175,Tudela de Duero,ES418
34074747176,0747176,La Unión de Campos,ES418
34074747177,0747177,Urones de Castroponce,ES418
34074747178,0747178,Urueña,ES418
34074747179,0747179,Valbuena de Duero,ES418
34074747180,0747180,Valdearcos de la Vega,ES418
34074747181,0747181,Valdenebro de los Valles,ES418
34074747182,0747182,Valdestillas,ES418
34074747183,0747183,Valdunquillo,ES418
34074747184,0747184,Valoria la Buena,ES418
34074747185,0747185,Valverde de Campos,ES418
34074747186,0747186,Valladolid,ES418
34074747187,0747187,Vega de Ruiponce,ES418
34074747188,0747188,Vega de Valdetronco,ES418
34074747189,0747189,Velascálvaro,ES418
34074747190,0747190,Velilla,ES418
34074747191,0747191,Velliza,ES418
34074747192,0747192,Ventosa de la Cuesta,ES418
34074747193,0747193,Viana de Cega,ES418
34074747194,0747194,Viloria,ES418
34074747195,0747195,Villabáñez,ES418
34074747196,0747196,Villabaruz de Campos,ES418
34074747197,0747197,Villabrágima,ES418
34074747198,0747198,Villacarralón,ES418
34074747199,0747199,Villacid de Campos,ES418
34074747200,0747200,Villaco,ES418
34074747203,0747203,Villafrades de Campos,ES418
34074747204,0747204,Villafranca de Duero,ES418
34074747205,0747205,Villafrechós,ES418
34074747206,0747206,Villafuerte,ES418
34074747207,0747207,Villagarcía de Campos,ES418
34074747208,0747208,Villagómez la Nueva,ES418
34074747209,0747209,Villalán de Campos,ES418
34074747210,0747210,Villalar de los Comuneros,ES418
34074747211,0747211,Villalba de la Loma,ES418
34074747212,0747212,Villalba de los Alcores,ES418
34074747213,0747213,Villalbarba,ES418
34074747214,0747214,Villalón de Campos,ES418
34074747215,0747215,Villamuriel de Campos,ES418
34074747216,0747216,Villán de Tordesillas,ES418
34074747217,0747217,Villanubla,ES418
34074747218,0747218,Villanueva de Duero,ES418
34074747219,0747219,Villanueva de la Condesa,ES418
34074747220,0747220,Villanueva de los Caballeros,ES418
34074747221,0747221,Villanueva de los Infantes,ES418
34074747222,0747222,Villanueva de San Mancio,ES418
34074747223,0747223,Villardefrades,ES418
34074747224,0747224,Villarmentero de Esgueva,ES418
34074747225,0747225,Villasexmir,ES418
34074747226,0747226,Villavaquerín,ES418
34074747227,0747227,Villavellid,ES418
34074747228,0747228,Villaverde de Medina,ES418
34074747229,0747229,Villavicencio de los Caballeros,ES418
34074747230,0747230,Wamba,ES418
34074747231,0747231,Zaratán,ES418
34074747232,0747232,La Zarza,ES418
34074949002,0749002,Abezames,ES419
34074949003,0749003,Alcañices,ES419
34074949004,0749004,Alcubilla de Nogales,ES419
34123232026,1232026,Coles,ES113
34074949005,0749005,Alfaraz de Sayago,ES419
34074949006,0749006,Algodre,ES419
34074949007,0749007,Almaraz de Duero,ES419
34074949008,0749008,Almeida de Sayago,ES419
34074949009,0749009,Andavías,ES419
34074949010,0749010,Arcenillas,ES419
34074949011,0749011,Arcos de la Polvorosa,ES419
34074949012,0749012,Argañín,ES419
34074949013,0749013,Argujillo,ES419
34074949014,0749014,Arquillinos,ES419
34074949015,0749015,Arrabalde,ES419
34074949016,0749016,Aspariegos,ES419
34074949017,0749017,Asturianos,ES419
34074949018,0749018,Ayoó de Vidriales,ES419
34074949019,0749019,Barcial del Barco,ES419
34074949020,0749020,Belver de los Montes,ES419
34074949021,0749021,Benavente,ES419
34074949022,0749022,Benegiles,ES419
34121515031,1215031,Culleredo,ES111
34121515032,1215032,Curtis,ES111
34074949023,0749023,Bermillo de Sayago,ES419
34074949024,0749024,La Bóveda de Toro,ES419
34074949025,0749025,Bretó,ES419
34074949026,0749026,Bretocino,ES419
34074949027,0749027,Brime de Sog,ES419
34074949028,0749028,Brime de Urz,ES419
34074949029,0749029,Burganes de Valverde,ES419
34074949030,0749030,Bustillo del Oro,ES419
34074949031,0749031,Cabañas de Sayago,ES419
34074949032,0749032,Calzadilla de Tera,ES419
34074949033,0749033,Camarzana de Tera,ES419
34074949034,0749034,Cañizal,ES419
34074949035,0749035,Cañizo,ES419
34074949036,0749036,Carbajales de Alba,ES419
34074949037,0749037,Carbellino,ES419
34074949038,0749038,Casaseca de Campeán,ES419
34074949039,0749039,Casaseca de las Chanas,ES419
34074949040,0749040,Castrillo de la Guareña,ES419
34074949041,0749041,Castrogonzalo,ES419
34074949042,0749042,Castronuevo,ES419
34074949043,0749043,Castroverde de Campos,ES419
34074949044,0749044,Cazurra,ES419
34074949046,0749046,Cerecinos de Campos,ES419
34074949047,0749047,Cerecinos del Carrizal,ES419
34074949048,0749048,Cernadilla,ES419
34074949050,0749050,Cobreros,ES419
34074949052,0749052,Coomonte,ES419
34123232027,1232027,Cortegada,ES113
34123232028,1232028,Cualedro,ES113
34074949053,0749053,Coreses,ES419
34123232033,1232033,Gomesende,ES113
34074949054,0749054,Corrales del Vino,ES419
34074949055,0749055,Cotanes del Monte,ES419
34074949056,0749056,Cubillos,ES419
34074949057,0749057,Cubo de Benavente,ES419
34074949058,0749058,El Cubo de Tierra del Vino,ES419
34074949059,0749059,Cuelgamures,ES419
34074949061,0749061,Entrala,ES419
34074949062,0749062,Espadañedo,ES419
34074949063,0749063,Faramontanos de Tábara,ES419
34074949064,0749064,Fariza,ES419
34123232038,1232038,Larouco,ES113
34123232039,1232039,Laza,ES113
34074949065,0749065,Fermoselle,ES419
34074949066,0749066,Ferreras de Abajo,ES419
34074949067,0749067,Ferreras de Arriba,ES419
34074949068,0749068,Ferreruela,ES419
34074949069,0749069,Figueruela de Arriba,ES419
34074949071,0749071,Fonfría,ES419
34074949075,0749075,Fresno de la Polvorosa,ES419
34074949076,0749076,Fresno de la Ribera,ES419
34074949077,0749077,Fresno de Sayago,ES419
34074949078,0749078,Friera de Valverde,ES419
34074949079,0749079,Fuente Encalada,ES419
34074949080,0749080,Fuentelapeña,ES419
34074949081,0749081,Fuentesaúco,ES419
34074949082,0749082,Fuentes de Ropel,ES419
34074949083,0749083,Fuentesecas,ES419
34074949084,0749084,Fuentespreadas,ES419
34074949085,0749085,Galende,ES419
34074949086,0749086,Gallegos del Pan,ES419
34074949087,0749087,Gallegos del Río,ES419
34074949088,0749088,Gamones,ES419
34074949090,0749090,Gema,ES419
34074949091,0749091,Granja de Moreruela,ES419
34074949092,0749092,Granucillo,ES419
34074949093,0749093,Guarrate,ES419
34074949094,0749094,Hermisende,ES419
34074949095,0749095,La Hiniesta,ES419
34074949096,0749096,Jambrina,ES419
34074949097,0749097,Justel,ES419
34074949098,0749098,Losacino,ES419
34074949099,0749099,Losacio,ES419
34074949100,0749100,Lubián,ES419
34074949101,0749101,Luelmo,ES419
34074949102,0749102,El Maderal,ES419
34074949103,0749103,Madridanos,ES419
34164848041,1648041,Gautegiz Arteaga,ES213
34164848042,1648042,Gordexola,ES213
34164848043,1648043,Gorliz,ES213
34164848044,1648044,Getxo,ES213
34164848045,1648045,Güeñes,ES213
34074949104,0749104,Mahide,ES419
34074949105,0749105,Maire de Castroponce,ES419
34164848046,1648046,Gernika-Lumo,ES213
34074949107,0749107,Malva,ES419
34074949108,0749108,Manganeses de la Lampreana,ES419
34074949109,0749109,Manganeses de la Polvorosa,ES419
34074949110,0749110,Manzanal de Arriba,ES419
34074949111,0749111,Manzanal del Barco,ES419
34074949112,0749112,Manzanal de los Infantes,ES419
34074949113,0749113,Matilla de Arzón,ES419
34074949114,0749114,Matilla la Seca,ES419
34074949115,0749115,Mayalde,ES419
34074949116,0749116,Melgar de Tera,ES419
34074949117,0749117,Micereces de Tera,ES419
34074949118,0749118,Milles de la Polvorosa,ES419
34074949119,0749119,Molacillos,ES419
34074949120,0749120,Molezuelas de la Carballeda,ES419
34074949121,0749121,Mombuey,ES419
34074949122,0749122,Monfarracinos,ES419
34074949123,0749123,Montamarta,ES419
34162020032,1620032,Elgoibar,ES212
34074949124,0749124,Moral de Sayago,ES419
34074949125,0749125,Moraleja del Vino,ES419
34074949126,0749126,Moraleja de Sayago,ES419
34074949127,0749127,Morales del Vino,ES419
34074949128,0749128,Morales de Rey,ES419
34074949129,0749129,Morales de Toro,ES419
34074949130,0749130,Morales de Valverde,ES419
34074949131,0749131,Moralina,ES419
34074949132,0749132,Moreruela de los Infanzones,ES419
34074949133,0749133,Moreruela de Tábara,ES419
34162020033,1620033,Elgeta,ES212
34074949134,0749134,Muelas de los Caballeros,ES419
34074949135,0749135,Muelas del Pan,ES419
34074949136,0749136,Muga de Sayago,ES419
34074949137,0749137,Navianos de Valverde,ES419
34074949138,0749138,Olmillos de Castro,ES419
34074949139,0749139,Otero de Bodas,ES419
34074949141,0749141,Pajares de la Lampreana,ES419
34074949142,0749142,Palacios del Pan,ES419
34074949143,0749143,Palacios de Sanabria,ES419
34074949145,0749145,Pedralba de la Pradería,ES419
34074949146,0749146,El Pego,ES419
34074949147,0749147,Peleagonzalo,ES419
34074949148,0749148,Peleas de Abajo,ES419
34074949149,0749149,Peñausende,ES419
34074949150,0749150,Peque,ES419
34074949151,0749151,El Perdigón,ES419
34074949152,0749152,Pereruela,ES419
34074949153,0749153,Perilla de Castro,ES419
34074949154,0749154,Pías,ES419
34074949155,0749155,Piedrahita de Castro,ES419
34074949156,0749156,Pinilla de Toro,ES419
34074949157,0749157,Pino del Oro,ES419
34074949158,0749158,El Piñero,ES419
34074949159,0749159,Pobladura del Valle,ES419
34074949160,0749160,Pobladura de Valderaduey,ES419
34074949162,0749162,Porto,ES419
34162020034,1620034,Eskoriatza,ES212
34074949163,0749163,Pozoantiguo,ES419
34074949164,0749164,Pozuelo de Tábara,ES419
34074949165,0749165,Prado,ES419
34074949166,0749166,Puebla de Sanabria,ES419
34074949167,0749167,Pueblica de Valverde,ES419
34074949168,0749168,Quintanilla del Monte,ES419
34074949169,0749169,Quintanilla del Olmo,ES419
34074949170,0749170,Quintanilla de Urz,ES419
34074949171,0749171,Quiruelas de Vidriales,ES419
34074949172,0749172,Rabanales,ES419
34074949173,0749173,Rábano de Aliste,ES419
34074949174,0749174,Requejo,ES419
34074949175,0749175,Revellinos,ES419
34074949176,0749176,Riofrío de Aliste,ES419
34074949177,0749177,Rionegro del Puente,ES419
34074949178,0749178,Roales,ES419
34074949179,0749179,Robleda-Cervantes,ES419
34074949180,0749180,Roelos de Sayago,ES419
34074949181,0749181,Rosinos de la Requejada,ES419
34074949183,0749183,Salce,ES419
34074949184,0749184,Samir de los Caños,ES419
34074949185,0749185,San Agustín del Pozo,ES419
34074949186,0749186,San Cebrián de Castro,ES419
34074949187,0749187,San Cristóbal de Entreviñas,ES419
34074949188,0749188,San Esteban del Molar,ES419
34074949189,0749189,San Justo,ES419
34074949190,0749190,San Martín de Valderaduey,ES419
34074949191,0749191,San Miguel de la Ribera,ES419
34074949192,0749192,San Miguel del Valle,ES419
34074949193,0749193,San Pedro de Ceque,ES419
34074949194,0749194,San Pedro de la Nave-Almendra,ES419
34074949197,0749197,Santa Clara de Avedillo,ES419
34074949199,0749199,Santa Colomba de las Monjas,ES419
34074949200,0749200,Santa Cristina de la Polvorosa,ES419
34074949201,0749201,Santa Croya de Tera,ES419
34074949202,0749202,Santa Eufemia del Barco,ES419
34074949203,0749203,Santa María de la Vega,ES419
34074949204,0749204,Santa María de Valverde,ES419
34074949205,0749205,Santibáñez de Tera,ES419
34074949206,0749206,Santibáñez de Vidriales,ES419
34074949207,0749207,Santovenia,ES419
34074949208,0749208,San Vicente de la Cabeza,ES419
34074949209,0749209,San Vitero,ES419
34074949210,0749210,Sanzoles,ES419
34074949214,0749214,Tábara,ES419
34074949216,0749216,Tapioles,ES419
34074949219,0749219,Toro,ES419
34074949220,0749220,La Torre del Valle,ES419
34074949221,0749221,Torregamones,ES419
34074949222,0749222,Torres del Carrizal,ES419
34074949223,0749223,Trabazos,ES419
34074949224,0749224,Trefacio,ES419
34074949225,0749225,Uña de Quintana,ES419
34074949226,0749226,Vadillo de la Guareña,ES419
34074949227,0749227,Valcabado,ES419
34074949228,0749228,Valdefinjas,ES419
34074949229,0749229,Valdescorriel,ES419
34074949230,0749230,Vallesa de la Guareña,ES419
34074949231,0749231,Vega de Tera,ES419
34074949232,0749232,Vega de Villalobos,ES419
34074949233,0749233,Vegalatrave,ES419
34074949234,0749234,Venialbo,ES419
34074949235,0749235,Vezdemarbán,ES419
34074949236,0749236,Vidayanes,ES419
34074949237,0749237,Videmala,ES419
34074949238,0749238,Villabrázaro,ES419
34074949239,0749239,Villabuena del Puente,ES419
34074949240,0749240,Villadepera,ES419
34074949241,0749241,Villaescusa,ES419
34074949242,0749242,Villafáfila,ES419
34074949243,0749243,Villaferrueña,ES419
34074949244,0749244,Villageriz,ES419
34074949245,0749245,Villalazán,ES419
34074949246,0749246,Villalba de la Lampreana,ES419
34074949247,0749247,Villalcampo,ES419
34074949248,0749248,Villalobos,ES419
34074949249,0749249,Villalonso,ES419
34074949250,0749250,Villalpando,ES419
,,No pertenece,
34205454005,2054005,Peñón de Alhucemas,ES640
34074949251,0749251,Villalube,ES419
34074949252,0749252,Villamayor de Campos,ES419
34074949255,0749255,Villamor de los Escuderos,ES419
34074949256,0749256,Villanázar,ES419
34074949257,0749257,Villanueva de Azoague,ES419
34074949258,0749258,Villanueva de Campeán,ES419
34074949259,0749259,Villanueva de las Peras,ES419
34074949260,0749260,Villanueva del Campo,ES419
34074949261,0749261,Villaralbo,ES419
34074949262,0749262,Villardeciervos,ES419
34074949263,0749263,Villar de Fallaves,ES419
34205454001,2054001,Isla del Perejil,ES640
34074949264,0749264,Villar del Buey,ES419
34074949265,0749265,Villardiegua de la Ribera,ES419
34074949266,0749266,Villárdiga,ES419
34074949267,0749267,Villardondiego,ES419
34074949268,0749268,Villarrín de Campos,ES419
34074949269,0749269,Villaseco del Pan,ES419
34074949270,0749270,Villavendimio,ES419
34074949271,0749271,Villaveza del Agua,ES419
34074949272,0749272,Villaveza de Valverde,ES419
34074949273,0749273,Viñas,ES419
34074949275,0749275,Zamora,ES419
34080202001,0802001,Abengibre,ES421
34080202002,0802002,Alatoz,ES421
34080202003,0802003,Albacete,ES421
34080202004,0802004,Albatana,ES421
34080202005,0802005,Alborea,ES421
34080202006,0802006,Alcadozo,ES421
34080202007,0802007,Alcalá del Júcar,ES421
34080202008,0802008,Alcaraz,ES421
34080202009,0802009,Almansa,ES421
34080202010,0802010,Alpera,ES421
34121515033,1215033,Dodro,ES111
34121515034,1215034,Dumbría,ES111
34121515035,1215035,Fene,ES111
34121515036,1215036,Ferrol,ES111
34121515037,1215037,Fisterra,ES111
34121515038,1215038,Frades,ES111
34121515039,1215039,Irixoa,ES111
34121515040,1215040,Laxe,ES111
34121515041,1215041,A Laracha,ES111
34080202011,0802011,Ayna,ES421
34080202012,0802012,Balazote,ES421
34111010136,1110136,Oliva de Plasencia,ES432
34080202013,0802013,Balsa de Ves,ES421
34080202014,0802014,El Ballestero,ES421
34080202015,0802015,Barrax,ES421
34080202016,0802016,Bienservida,ES421
34080202017,0802017,Bogarra,ES421
34080202018,0802018,Bonete,ES421
34080202019,0802019,El Bonillo,ES421
34080202020,0802020,Carcelén,ES421
34080202021,0802021,Casas de Juan Núñez,ES421
34080202022,0802022,Casas de Lázaro,ES421
34080202023,0802023,Casas de Ves,ES421
34080202024,0802024,Casas-Ibáñez,ES421
34080202025,0802025,Caudete,ES421
34080202026,0802026,Cenizate,ES421
34080202027,0802027,Corral-Rubio,ES421
34080202028,0802028,Cotillas,ES421
34080202029,0802029,Chinchilla de Monte-Aragón,ES421
34080202030,0802030,Elche de la Sierra,ES421
34111010137,1110137,Palomero,ES432
34080202031,0802031,Férez,ES421
34080202032,0802032,Fuensanta,ES421
34080202033,0802033,Fuente-Álamo,ES421
34080202034,0802034,Fuentealbilla,ES421
34080202035,0802035,La Gineta,ES421
34080202036,0802036,Golosalvo,ES421
34080202037,0802037,Hellín,ES421
34080202038,0802038,La Herrera,ES421
34080202039,0802039,Higueruela,ES421
34080202040,0802040,Hoya-Gonzalo,ES421
34080202041,0802041,Jorquera,ES421
34080202042,0802042,Letur,ES421
34205454002,2054002,Peñón de Vélez de la Gomera,ES640
34205454003,2054003,Islas Chafarinas,ES640
34080202043,0802043,Lezuza,ES421
34080202044,0802044,Liétor,ES421
34080202045,0802045,Madrigueras,ES421
34080202046,0802046,Mahora,ES421
34080202047,0802047,Masegoso,ES421
34205454004,2054004,Islas Alhucemas,ES640
34080202048,0802048,Minaya,ES421
34080202049,0802049,Molinicos,ES421
34080202050,0802050,Montalvos,ES421
34080202051,0802051,Montealegre del Castillo,ES421
34080202052,0802052,Motilleja,ES421
34080202053,0802053,Munera,ES421
34080202054,0802054,Navas de Jorquera,ES421
34080202055,0802055,Nerpio,ES421
34080202056,0802056,Ontur,ES421
34162020035,1620035,Ezkio-Itsaso,ES212
34162020036,1620036,Hondarribia,ES212
34080202057,0802057,Ossa de Montiel,ES421
34080202058,0802058,Paterna del Madera,ES421
34080202059,0802059,Peñascosa,ES421
34080202060,0802060,Peñas de San Pedro,ES421
34080202061,0802061,Pétrola,ES421
34080202062,0802062,Povedilla,ES421
34080202063,0802063,Pozohondo,ES421
34080202064,0802064,Pozo-Lorente,ES421
34080202065,0802065,Pozuelo,ES421
34080202066,0802066,La Recueja,ES421
34162020037,1620037,Gaintza,ES212
34080202067,0802067,Riópar,ES421
34080202068,0802068,Robledo,ES421
34080202069,0802069,La Roda,ES421
34162020038,1620038,Gabiria,ES212
34162020039,1620039,Getaria,ES212
34162020040,1620040,Hernani,ES212
34162020041,1620041,Hernialde,ES212
34080202070,0802070,Salobre,ES421
34080202071,0802071,San Pedro,ES421
34080202072,0802072,Socovos,ES421
34080202073,0802073,Tarazona de la Mancha,ES421
34080202074,0802074,Tobarra,ES421
34080202075,0802075,Valdeganga,ES421
34080202076,0802076,Vianos,ES421
34080202077,0802077,Villa de Ves,ES421
34080202078,0802078,Villalgordo del Júcar,ES421
34080202079,0802079,Villamalea,ES421
34080202080,0802080,Villapalacios,ES421
34080202081,0802081,Villarrobledo,ES421
34080202082,0802082,Villatoya,ES421
34080202083,0802083,Villavaliente,ES421
34080202084,0802084,Villaverde de Guadalimar,ES421
34080202085,0802085,Viveros,ES421
34080202086,0802086,Yeste,ES421
34162020042,1620042,Ibarra,ES212
34080202901,0802901,Pozo Cañada,ES421
34080253003,0853003,Dehesa de Santiago,ES421
34081313001,0813001,Abenójar,ES422
34153131006,1531006,Ablitas,ES220
34081313002,0813002,Agudo,ES422
34081313003,0813003,Alamillo,ES422
34081313004,0813004,Albaladejo,ES422
34081313005,0813005,Alcázar de San Juan,ES422
34081313006,0813006,Alcoba,ES422
34153131007,1531007,Adiós,ES220
34081313007,0813007,Alcolea de Calatrava,ES422
34081313008,0813008,Alcubillas,ES422
34081313009,0813009,Aldea del Rey,ES422
34081313010,0813010,Alhambra,ES422
34081313011,0813011,Almadén,ES422
34081313012,0813012,Almadenejos,ES422
34081313013,0813013,Almagro,ES422
34153131008,1531008,Aguilar de Codés,ES220
34081313014,0813014,Almedina,ES422
34081313015,0813015,Almodóvar del Campo,ES422
34081313016,0813016,Almuradiel,ES422
34081313017,0813017,Anchuras,ES422
34081313018,0813018,Arenas de San Juan,ES422
34081313019,0813019,Argamasilla de Alba,ES422
34081313020,0813020,Argamasilla de Calatrava,ES422
34081313021,0813021,Arroba de los Montes,ES422
34081313022,0813022,Ballesteros de Calatrava,ES422
34081313023,0813023,Bolaños de Calatrava,ES422
34081313024,0813024,Brazatortas,ES422
34153131009,1531009,Aibar/Oibar,ES220
34081313025,0813025,Cabezarados,ES422
34081313026,0813026,Cabezarrubias del Puerto,ES422
34081313027,0813027,Calzada de Calatrava,ES422
34081313028,0813028,Campo de Criptana,ES422
34081313029,0813029,Cañada de Calatrava,ES422
34081313030,0813030,Caracuel de Calatrava,ES422
34081313031,0813031,Carrión de Calatrava,ES422
34081313032,0813032,Carrizosa,ES422
34081313033,0813033,Castellar de Santiago,ES422
34081313034,0813034,Ciudad Real,ES422
34081313035,0813035,Corral de Calatrava,ES422
34081313036,0813036,Los Cortijos,ES422
34081313037,0813037,Cózar,ES422
34081313038,0813038,Chillón,ES422
34081313039,0813039,Daimiel,ES422
34081313040,0813040,Fernán Caballero,ES422
34081313041,0813041,Fontanarejo,ES422
34081313042,0813042,Fuencaliente,ES422
34081313043,0813043,Fuenllana,ES422
34081313044,0813044,Fuente el Fresno,ES422
34081313045,0813045,Granátula de Calatrava,ES422
34081313046,0813046,Guadalmez,ES422
34081313047,0813047,Herencia,ES422
34081313048,0813048,Hinojosas de Calatrava,ES422
34081313049,0813049,Horcajo de los Montes,ES422
34153131010,1531010,Altsasu/Alsasua,ES220
34081313050,0813050,Las Labores,ES422
34153131011,1531011,Allín/Allin,ES220
34081313051,0813051,Luciana,ES422
34081313052,0813052,Malagón,ES422
34081313053,0813053,Manzanares,ES422
34081313054,0813054,Membrilla,ES422
34081313055,0813055,Mestanza,ES422
34081313056,0813056,Miguelturra,ES422
34081313057,0813057,Montiel,ES422
34081313058,0813058,Moral de Calatrava,ES422
34081313059,0813059,Navalpino,ES422
34081313060,0813060,Navas de Estena,ES422
34081313061,0813061,Pedro Muñoz,ES422
34081313062,0813062,Picón,ES422
34081313063,0813063,Piedrabuena,ES422
34081313064,0813064,Poblete,ES422
34081313065,0813065,Porzuna,ES422
34081313066,0813066,Pozuelo de Calatrava,ES422
34081313067,0813067,Los Pozuelos de Calatrava,ES422
34081313068,0813068,Puebla de Don Rodrigo,ES422
34081313069,0813069,Puebla del Príncipe,ES422
34081313070,0813070,Puerto Lápice,ES422
34081313071,0813071,Puertollano,ES422
34081313072,0813072,Retuerta del Bullaque,ES422
34162020043,1620043,Idiazabal,ES212
34081313073,0813073,Saceruela,ES422
34081313074,0813074,San Carlos del Valle,ES422
34081313075,0813075,San Lorenzo de Calatrava,ES422
34081313076,0813076,Santa Cruz de los Cáñamos,ES422
34081313077,0813077,Santa Cruz de Mudela,ES422
34081313078,0813078,Socuéllamos,ES422
34081313079,0813079,La Solana,ES422
34111010138,1110138,Pasarón de la Vera,ES432
34081313080,0813080,Solana del Pino,ES422
34081313081,0813081,Terrinches,ES422
34081313082,0813082,Tomelloso,ES422
34153131012,1531012,Allo,ES220
34081313083,0813083,Torralba de Calatrava,ES422
34081313084,0813084,Torre de Juan Abad,ES422
34081313085,0813085,Torrenueva,ES422
34162020044,1620044,Ikaztegieta,ES212
34081313086,0813086,Valdemanco del Esteras,ES422
34081313087,0813087,Valdepeñas,ES422
34081313088,0813088,Valenzuela de Calatrava,ES422
34111010139,1110139,Pedroso de Acim,ES432
34081313089,0813089,Villahermosa,ES422
34081313090,0813090,Villamanrique,ES422
34081313091,0813091,Villamayor de Calatrava,ES422
34081313092,0813092,Villanueva de la Fuente,ES422
34162020047,1620047,Itsasondo,ES212
34081313093,0813093,Villanueva de los Infantes,ES422
34162020048,1620048,Larraul,ES212
34081313094,0813094,Villanueva de San Carlos,ES422
34081313095,0813095,Villar del Pozo,ES422
34081313096,0813096,Villarrubia de los Ojos,ES422
34081313097,0813097,Villarta de San Juan,ES422
34081313098,0813098,Viso del Marqués,ES422
34081313901,0813901,El Robledo,ES422
34081313902,0813902,Ruidera,ES422
34081313903,0813903,Arenales de San Gregorio,ES422
34081313904,0813904,Llanos del Caudillo,ES422
34081616001,0816001,Abia de la Obispalía,ES423
34081616002,0816002,El Acebrón,ES423
34081616003,0816003,Alarcón,ES423
34081616004,0816004,Albaladejo del Cuende,ES423
34081616005,0816005,Albalate de las Nogueras,ES423
34081616006,0816006,Albendea,ES423
34081616007,0816007,La Alberca de Záncara,ES423
34081616008,0816008,Alcalá de la Vega,ES423
34081616009,0816009,Alcantud,ES423
34081616010,0816010,Alcázar del Rey,ES423
34081616011,0816011,Alcohujate,ES423
34081616012,0816012,Alconchel de la Estrella,ES423
34081616013,0816013,Algarra,ES423
34081616014,0816014,Aliaguilla,ES423
34081616015,0816015,La Almarcha,ES423
34081616016,0816016,Almendros,ES423
34081616017,0816017,Almodóvar del Pinar,ES423
34081616018,0816018,Almonacid del Marquesado,ES423
34081616019,0816019,Altarejos,ES423
34081616020,0816020,Arandilla del Arroyo,ES423
34081616022,0816022,Arcos de la Sierra,ES423
34081616023,0816023,Chillarón de Cuenca,ES423
34081616024,0816024,Arguisuelas,ES423
34081616025,0816025,Arrancacepas,ES423
34081616026,0816026,Atalaya del Cañavate,ES423
34081616027,0816027,Barajas de Melo,ES423
34081616029,0816029,Barchín del Hoyo,ES423
34081616030,0816030,Bascuñana de San Pedro,ES423
34081616031,0816031,Beamud,ES423
34081616032,0816032,Belinchón,ES423
34081616033,0816033,Belmonte,ES423
34081616034,0816034,Belmontejo,ES423
34081616035,0816035,Beteta,ES423
34081616036,0816036,Boniches,ES423
34081616038,0816038,Buciegas,ES423
34081616039,0816039,Buenache de Alarcón,ES423
34081616040,0816040,Buenache de la Sierra,ES423
34081616041,0816041,Buendía,ES423
34081616042,0816042,Campillo de Altobuey,ES423
34081616043,0816043,Campillos-Paravientos,ES423
34081616044,0816044,Campillos-Sierra,ES423
34081616045,0816045,Canalejas del Arroyo,ES423
34123232040,1232040,Leiro,ES113
34081616046,0816046,Cañada del Hoyo,ES423
34081616047,0816047,Cañada Juncosa,ES423
34081616048,0816048,Cañamares,ES423
34081616049,0816049,El Cañavate,ES423
34081616050,0816050,Cañaveras,ES423
34081616051,0816051,Cañaveruelas,ES423
34081616052,0816052,Cañete,ES423
34081616053,0816053,Cañizares,ES423
34081616055,0816055,Carboneras de Guadazaón,ES423
34081616056,0816056,Cardenete,ES423
34081616057,0816057,Carrascosa,ES423
34081616058,0816058,Carrascosa de Haro,ES423
34081616060,0816060,Casas de Benítez,ES423
34081616061,0816061,Casas de Fernando Alonso,ES423
34081616062,0816062,Casas de Garcimolina,ES423
34081616063,0816063,Casas de Guijarro,ES423
34081616064,0816064,Casas de Haro,ES423
34081616065,0816065,Casas de los Pinos,ES423
34081616066,0816066,Casasimarro,ES423
34081616067,0816067,Castejón,ES423
34081616068,0816068,Castillejo de Iniesta,ES423
34123232041,1232041,Lobeira,ES113
34123232042,1232042,Lobios,ES113
34081616070,0816070,Castillejo-Sierra,ES423
34081616071,0816071,Castillo-Albaráñez,ES423
34081616072,0816072,Castillo de Garcimuñoz,ES423
34081616073,0816073,Cervera del Llano,ES423
34123232043,1232043,Maceda,ES113
34081616074,0816074,La Cierva,ES423
34081616078,0816078,Cuenca,ES423
34081616079,0816079,Cueva del Hierro,ES423
34081616081,0816081,Chumillas,ES423
34081616082,0816082,Enguídanos,ES423
34081616083,0816083,Fresneda de Altarejos,ES423
34081616084,0816084,Fresneda de la Sierra,ES423
34081616085,0816085,La Frontera,ES423
34081616086,0816086,Fuente de Pedro Naharro,ES423
34081616087,0816087,Fuentelespino de Haro,ES423
34081616088,0816088,Fuentelespino de Moya,ES423
34123232045,1232045,Maside,ES113
34081616089,0816089,Fuentes,ES423
34081616091,0816091,Fuertescusa,ES423
34081616092,0816092,Gabaldón,ES423
34123232046,1232046,Melón,ES113
34081616093,0816093,Garaballa,ES423
34081616094,0816094,Gascueña,ES423
34081616095,0816095,Graja de Campalbo,ES423
34081616096,0816096,Graja de Iniesta,ES423
34123232047,1232047,A Merca,ES113
34081616097,0816097,Henarejos,ES423
34081616098,0816098,El Herrumblar,ES423
34081616099,0816099,La Hinojosa,ES423
34081616100,0816100,Los Hinojosos,ES423
34081616101,0816101,El Hito,ES423
34081616102,0816102,Honrubia,ES423
34081616103,0816103,Hontanaya,ES423
34081616104,0816104,Hontecillas,ES423
34081616106,0816106,Horcajo de Santiago,ES423
34081616107,0816107,Huélamo,ES423
34081616108,0816108,Huelves,ES423
34081616109,0816109,Huérguina,ES423
34081616110,0816110,Huerta de la Obispalía,ES423
34081616111,0816111,Huerta del Marquesado,ES423
34081616112,0816112,Huete,ES423
34081616113,0816113,Iniesta,ES423
34081616115,0816115,Laguna del Marquesado,ES423
34081616116,0816116,Lagunaseca,ES423
34081616117,0816117,Landete,ES423
34081616118,0816118,Ledaña,ES423
34081616119,0816119,Leganiel,ES423
34081616121,0816121,Las Majadas,ES423
34081616122,0816122,Mariana,ES423
34081616123,0816123,Masegosa,ES423
34081616124,0816124,Las Mesas,ES423
34081616125,0816125,Minglanilla,ES423
34081616126,0816126,Mira,ES423
34081616128,0816128,Monreal del Llano,ES423
34081616129,0816129,Montalbanejo,ES423
34081616130,0816130,Montalbo,ES423
34081616131,0816131,Monteagudo de las Salinas,ES423
34081616132,0816132,Mota de Altarejos,ES423
34081616133,0816133,Mota del Cuervo,ES423
34081616134,0816134,Motilla del Palancar,ES423
34081616135,0816135,Moya,ES423
34081616137,0816137,Narboneta,ES423
34081616139,0816139,Olivares de Júcar,ES423
34081616140,0816140,Olmeda de la Cuesta,ES423
34081616141,0816141,Olmeda del Rey,ES423
34081616142,0816142,Olmedilla de Alarcón,ES423
34081616143,0816143,Olmedilla de Eliz,ES423
34081616145,0816145,Osa de la Vega,ES423
34081616146,0816146,Pajarón,ES423
34081616147,0816147,Pajaroncillo,ES423
34081616148,0816148,Palomares del Campo,ES423
34081616149,0816149,Palomera,ES423
34162020049,1620049,Lazkao,ES212
34081616150,0816150,Paracuellos,ES423
34081616151,0816151,Paredes,ES423
34081616152,0816152,La Parra de las Vegas,ES423
34081616153,0816153,El Pedernoso,ES423
34081616154,0816154,Las Pedroñeras,ES423
34081616155,0816155,El Peral,ES423
34081616156,0816156,La Peraleja,ES423
34081616157,0816157,La Pesquera,ES423
34081616158,0816158,El Picazo,ES423
34081616159,0816159,Pinarejo,ES423
34081616160,0816160,Pineda de Gigüela,ES423
34081616161,0816161,Piqueras del Castillo,ES423
34081616162,0816162,Portalrubio de Guadamejud,ES423
34081616163,0816163,Portilla,ES423
34081616165,0816165,Poyatos,ES423
34081616166,0816166,Pozoamargo,ES423
34081616167,0816167,Pozorrubio de Santiago,ES423
34081616169,0816169,El Pozuelo,ES423
34081616170,0816170,Priego,ES423
34081616171,0816171,El Provencio,ES423
34081616172,0816172,Puebla de Almenara,ES423
34081616173,0816173,El Valle de Altomira,ES423
34081616174,0816174,Puebla del Salvador,ES423
34081616175,0816175,Quintanar del Rey,ES423
34081616176,0816176,Rada de Haro,ES423
34081616177,0816177,Reíllo,ES423
34081616181,0816181,Rozalén del Monte,ES423
34081616185,0816185,Saceda-Trasierra,ES423
34081616186,0816186,Saelices,ES423
34081616187,0816187,Salinas del Manzano,ES423
34081616188,0816188,Salmeroncillos,ES423
34081616189,0816189,Salvacañete,ES423
34081616190,0816190,San Clemente,ES423
34081616191,0816191,San Lorenzo de la Parrilla,ES423
34081616192,0816192,San Martín de Boniches,ES423
34081616193,0816193,San Pedro Palmiches,ES423
34111010141,1110141,Peraleda de San Román,ES432
34081616194,0816194,Santa Cruz de Moya,ES423
34081616195,0816195,Santa María del Campo Rus,ES423
34111010142,1110142,Perales del Puerto,ES432
34081616196,0816196,Santa María de los Llanos,ES423
34081616197,0816197,Santa María del Val,ES423
34162020050,1620050,Leaburu,ES212
34081616198,0816198,Sisante,ES423
34081616199,0816199,Solera de Gabaldón,ES423
34081616202,0816202,Talayuelas,ES423
34081616203,0816203,Tarancón,ES423
34081616204,0816204,Tébar,ES423
34081616205,0816205,Tejadillos,ES423
34081616206,0816206,Tinajas,ES423
34081616209,0816209,Torralba,ES423
34081616211,0816211,Torrejoncillo del Rey,ES423
34081616212,0816212,Torrubia del Campo,ES423
34081616213,0816213,Torrubia del Castillo,ES423
34081616215,0816215,Tragacete,ES423
34081616216,0816216,Tresjuncos,ES423
34081616217,0816217,Tribaldos,ES423
34081616218,0816218,Uclés,ES423
34081616219,0816219,Uña,ES423
34081616224,0816224,Valdemeca,ES423
34081616225,0816225,Valdemorillo de la Sierra,ES423
34081616227,0816227,Valdemoro-Sierra,ES423
34081616228,0816228,Valdeolivas,ES423
34081616231,0816231,Valhermoso de la Fuente,ES423
34081616234,0816234,Valsalobre,ES423
34081616236,0816236,Valverde de Júcar,ES423
34081616237,0816237,Valverdejo,ES423
34081616238,0816238,Vara de Rey,ES423
34081616239,0816239,Vega del Codorno,ES423
34081616240,0816240,Vellisca,ES423
34081616242,0816242,Villaconejos de Trabaque,ES423
34081616243,0816243,Villaescusa de Haro,ES423
34081616244,0816244,Villagarcía del Llano,ES423
34081616245,0816245,Villalba de la Sierra,ES423
34081616246,0816246,Villalba del Rey,ES423
34081616247,0816247,Villalgordo del Marquesado,ES423
34081616248,0816248,Villalpardo,ES423
34081616249,0816249,Villamayor de Santiago,ES423
34081616250,0816250,Villanueva de Guadamejud,ES423
34081616251,0816251,Villanueva de la Jara,ES423
34081616253,0816253,Villar de Cañas,ES423
34081616254,0816254,Villar de Domingo García,ES423
34081616255,0816255,Villar de la Encina,ES423
34081616258,0816258,Villar del Humo,ES423
34081616259,0816259,Villar del Infantado,ES423
34081616263,0816263,Villar de Olalla,ES423
34081616264,0816264,Villarejo de Fuentes,ES423
34081616265,0816265,Villarejo de la Peñuela,ES423
34081616266,0816266,Villarejo-Periesteban,ES423
34081616269,0816269,Villares del Saz,ES423
34081616270,0816270,Villarrubio,ES423
34081616271,0816271,Villarta,ES423
34081616272,0816272,Villas de la Ventosa,ES423
34081616273,0816273,Villaverde y Pasaconsol,ES423
34081616274,0816274,Víllora,ES423
34081616275,0816275,Vindel,ES423
34081616276,0816276,Yémeda,ES423
34081616277,0816277,Zafra de Záncara,ES423
34123232052,1232052,Nogueira de Ramuín,ES113
34123232053,1232053,Oímbra,ES113
34081616278,0816278,Zafrilla,ES423
34081616279,0816279,Zarza de Tajo,ES423
34081616280,0816280,Zarzuela,ES423
34081616901,0816901,Campos del Paraíso,ES423
34081616902,0816902,Valdetórtola,ES423
34081616903,0816903,Las Valeras,ES423
34162020051,1620051,Legazpi,ES212
34081616904,0816904,Fuentenava de Jábaga,ES423
34081616905,0816905,Arcas,ES423
34081616906,0816906,Los Valdecolmenas,ES423
34081616908,0816908,Pozorrubielos de la Mancha,ES423
34081616909,0816909,Sotorribas,ES423
34081616910,0816910,Villar y Velasco,ES423
34081919001,0819001,Abánades,ES424
34081919002,0819002,Ablanque,ES424
34081919003,0819003,Adobes,ES424
34081919004,0819004,Alaminos,ES424
34081919005,0819005,Alarilla,ES424
34081919006,0819006,Albalate de Zorita,ES424
34081919007,0819007,Albares,ES424
34081919008,0819008,Albendiego,ES424
34081919009,0819009,Alcocer,ES424
34081919010,0819010,Alcolea de las Peñas,ES424
34123232057,1232057,Parada de Sil,ES113
34081919011,0819011,Alcolea del Pinar,ES424
34081919013,0819013,Alcoroches,ES424
34081919015,0819015,Aldeanueva de Guadalajara,ES424
34081919016,0819016,Algar de Mesa,ES424
34081919017,0819017,Algora,ES424
34081919018,0819018,Alhóndiga,ES424
34081919019,0819019,Alique,ES424
34081919020,0819020,Almadrones,ES424
34081919021,0819021,Almoguera,ES424
34081919022,0819022,Almonacid de Zorita,ES424
34081919023,0819023,Alocén,ES424
34081919024,0819024,Alovera,ES424
34081919027,0819027,Alustante,ES424
34081919031,0819031,Angón,ES424
34162020052,1620052,Legorreta,ES212
34081919032,0819032,Anguita,ES424
34081919033,0819033,Anquela del Ducado,ES424
34081919034,0819034,Anquela del Pedregal,ES424
34081919036,0819036,Aranzueque,ES424
34081919037,0819037,Arbancón,ES424
34081919038,0819038,Arbeteta,ES424
34081919039,0819039,Argecilla,ES424
34081919040,0819040,Armallones,ES424
34081919041,0819041,Armuña de Tajuña,ES424
34081919042,0819042,Arroyo de las Fraguas,ES424
34081919043,0819043,Atanzón,ES424
34123232058,1232058,O Pereiro de Aguiar,ES113
34081919044,0819044,Atienza,ES424
34081919045,0819045,Auñón,ES424
34081919046,0819046,Azuqueca de Henares,ES424
34081919047,0819047,Baides,ES424
34081919048,0819048,Baños de Tajo,ES424
34081919049,0819049,Bañuelos,ES424
34081919050,0819050,Barriopedro,ES424
34081919051,0819051,Berninches,ES424
34081919052,0819052,La Bodera,ES424
34081919053,0819053,Brihuega,ES424
34081919054,0819054,Budia,ES424
34081919055,0819055,Bujalaro,ES424
34081919057,0819057,Bustares,ES424
34123232059,1232059,A Peroxa,ES113
34081919058,0819058,Cabanillas del Campo,ES424
34081919059,0819059,Campillo de Dueñas,ES424
34081919060,0819060,Campillo de Ranas,ES424
34081919061,0819061,Campisábalos,ES424
34081919064,0819064,Canredondo,ES424
34081919065,0819065,Cantalojas,ES424
34081919066,0819066,Cañizar,ES424
34081919067,0819067,El Cardoso de la Sierra,ES424
34081919070,0819070,Casa de Uceda,ES424
34081919071,0819071,El Casar,ES424
34123232060,1232060,Petín,ES113
34081919073,0819073,Casas de San Galindo,ES424
34081919074,0819074,Caspueñas,ES424
34081919075,0819075,Castejón de Henares,ES424
34081919076,0819076,Castellar de la Muela,ES424
34081919078,0819078,Castilforte,ES424
34081919079,0819079,Castilnuevo,ES424
34081919080,0819080,Cendejas de Enmedio,ES424
34081919081,0819081,Cendejas de la Torre,ES424
34081919082,0819082,Centenera,ES424
34081919086,0819086,Cifuentes,ES424
34081919087,0819087,Cincovillas,ES424
34081919088,0819088,Ciruelas,ES424
34081919089,0819089,Ciruelos del Pinar,ES424
34081919090,0819090,Cobeta,ES424
34081919091,0819091,Cogollor,ES424
34081919092,0819092,Cogolludo,ES424
34081919095,0819095,Condemios de Abajo,ES424
34081919096,0819096,Condemios de Arriba,ES424
34081919097,0819097,Congostrina,ES424
34081919098,0819098,Copernal,ES424
34081919099,0819099,Corduente,ES424
34081919102,0819102,El Cubillo de Uceda,ES424
34081919103,0819103,Checa,ES424
34081919104,0819104,Chequilla,ES424
34081919105,0819105,Chiloeches,ES424
34081919106,0819106,Chillarón del Rey,ES424
34081919107,0819107,Driebes,ES424
34081919108,0819108,Durón,ES424
34081919109,0819109,Embid,ES424
34081919110,0819110,Escamilla,ES424
34081919111,0819111,Escariche,ES424
34081919112,0819112,Escopete,ES424
34081919113,0819113,Espinosa de Henares,ES424
34081919114,0819114,Esplegares,ES424
34081919115,0819115,Establés,ES424
34081919116,0819116,Estriégana,ES424
34081919117,0819117,Fontanar,ES424
34081919118,0819118,Fuembellida,ES424
34081919119,0819119,Fuencemillán,ES424
34081919120,0819120,Fuentelahiguera de Albatages,ES424
34081919121,0819121,Fuentelencina,ES424
34081919122,0819122,Fuentelsaz,ES424
34081919123,0819123,Fuentelviejo,ES424
34081919124,0819124,Fuentenovilla,ES424
34081919125,0819125,Gajanejos,ES424
34081919126,0819126,Galápagos,ES424
34081919127,0819127,Galve de Sorbe,ES424
34081919129,0819129,Gascueña de Bornova,ES424
34081919130,0819130,Guadalajara,ES424
34081919132,0819132,Henche,ES424
34081919133,0819133,Heras de Ayuso,ES424
34081919134,0819134,Herrería,ES424
34081919135,0819135,Hiendelaencina,ES424
34081919136,0819136,Hijes,ES424
34081919138,0819138,Hita,ES424
34081919139,0819139,Hombrados,ES424
34081919142,0819142,Hontoba,ES424
34081919143,0819143,Horche,ES424
34081919145,0819145,Hortezuela de Océn,ES424
34081919146,0819146,La Huerce,ES424
34081919147,0819147,Huérmeces del Cerro,ES424
34081919148,0819148,Huertahernando,ES424
34081919150,0819150,Hueva,ES424
34081919151,0819151,Humanes,ES424
34081919152,0819152,Illana,ES424
34081919153,0819153,Iniéstola,ES424
34081919154,0819154,Las Inviernas,ES424
34081919155,0819155,Irueste,ES424
34081919156,0819156,Jadraque,ES424
34081919157,0819157,Jirueque,ES424
34081919159,0819159,Ledanca,ES424
34081919160,0819160,Loranca de Tajuña,ES424
34081919161,0819161,Lupiana,ES424
34081919162,0819162,Luzaga,ES424
34081919163,0819163,Luzón,ES424
34081919165,0819165,Majaelrayo,ES424
34081919166,0819166,Málaga del Fresno,ES424
34081919167,0819167,Malaguilla,ES424
34081919168,0819168,Mandayona,ES424
34081919169,0819169,Mantiel,ES424
34123232061,1232061,Piñor,ES113
34081919170,0819170,Maranchón,ES424
34081919171,0819171,Marchamalo,ES424
34081919172,0819172,Masegoso de Tajuña,ES424
34081919173,0819173,Matarrubia,ES424
34081919174,0819174,Matillas,ES424
34081919175,0819175,Mazarete,ES424
34081919176,0819176,Mazuecos,ES424
34081919177,0819177,Medranda,ES424
34081919178,0819178,Megina,ES424
34081919179,0819179,Membrillera,ES424
34081919181,0819181,Miedes de Atienza,ES424
34081919182,0819182,La Mierla,ES424
34081919183,0819183,Milmarcos,ES424
34081919184,0819184,Millana,ES424
34081919185,0819185,La Miñosa,ES424
34081919186,0819186,Mirabueno,ES424
34081919187,0819187,Miralrío,ES424
34081919188,0819188,Mochales,ES424
34081919189,0819189,Mohernando,ES424
34162020053,1620053,Lezo,ES212
34081919190,0819190,Molina de Aragón,ES424
34081919191,0819191,Monasterio,ES424
34081919192,0819192,Mondéjar,ES424
34081919193,0819193,Montarrón,ES424
34081919194,0819194,Moratilla de los Meleros,ES424
34081919195,0819195,Morenilla,ES424
34081919196,0819196,Muduex,ES424
34081919197,0819197,Las Navas de Jadraque,ES424
34081919198,0819198,Negredo,ES424
34081919199,0819199,Ocentejo,ES424
34081919200,0819200,El Olivar,ES424
34081919201,0819201,Olmeda de Cobeta,ES424
34081919202,0819202,La Olmeda de Jadraque,ES424
34081919203,0819203,El Ordial,ES424
34081919204,0819204,Orea,ES424
34081919208,0819208,Pálmaces de Jadraque,ES424
34081919209,0819209,Pardos,ES424
34081919210,0819210,Paredes de Sigüenza,ES424
34111010143,1110143,Pescueza,ES432
34081919211,0819211,Pareja,ES424
34081919212,0819212,Pastrana,ES424
34081919213,0819213,El Pedregal,ES424
34081919214,0819214,Peñalén,ES424
34081919215,0819215,Peñalver,ES424
34111010144,1110144,La Pesga,ES432
34111010145,1110145,Piedras Albas,ES432
34081919216,0819216,Peralejos de las Truchas,ES424
34081919217,0819217,Peralveche,ES424
34081919218,0819218,Pinilla de Jadraque,ES424
34081919219,0819219,Pinilla de Molina,ES424
34081919220,0819220,Pioz,ES424
34081919221,0819221,Piqueras,ES424
34081919222,0819222,El Pobo de Dueñas,ES424
34081919223,0819223,Poveda de la Sierra,ES424
34081919224,0819224,Pozo de Almoguera,ES424
34081919225,0819225,Pozo de Guadalajara,ES424
34081919226,0819226,Prádena de Atienza,ES424
34081919227,0819227,Prados Redondos,ES424
34081919228,0819228,Puebla de Beleña,ES424
34081919229,0819229,Puebla de Valles,ES424
34081919230,0819230,Quer,ES424
34081919231,0819231,Rebollosa de Jadraque,ES424
34081919232,0819232,El Recuenco,ES424
34081919233,0819233,Renera,ES424
34081919234,0819234,Retiendas,ES424
34081919235,0819235,Riba de Saelices,ES424
34081919237,0819237,Rillo de Gallo,ES424
34081919238,0819238,Riofrío del Llano,ES424
34081919239,0819239,Robledillo de Mohernando,ES424
34081919240,0819240,Robledo de Corpes,ES424
34081919241,0819241,Romanillos de Atienza,ES424
34081919242,0819242,Romanones,ES424
34081919243,0819243,Rueda de la Sierra,ES424
34081919244,0819244,Sacecorbo,ES424
34162020054,1620054,Lizartza,ES212
34162020055,1620055,Arrasate/Mondragón,ES212
34162020056,1620056,Mutriku,ES212
34081919245,0819245,Sacedón,ES424
34081919246,0819246,Saelices de la Sal,ES424
34081919247,0819247,Salmerón,ES424
34081919248,0819248,San Andrés del Congosto,ES424
34081919249,0819249,San Andrés del Rey,ES424
34081919250,0819250,Santiuste,ES424
34081919251,0819251,Saúca,ES424
34162020057,1620057,Mutiloa,ES212
34081919252,0819252,Sayatón,ES424
34162020058,1620058,Olaberria,ES212
34081919254,0819254,Selas,ES424
34081919255,0819255,Setiles,ES424
34081919256,0819256,Sienes,ES424
34081919257,0819257,Sigüenza,ES424
34081919258,0819258,Solanillos del Extremo,ES424
34081919259,0819259,Somolinos,ES424
34081919260,0819260,El Sotillo,ES424
34081919261,0819261,Sotodosos,ES424
34111010146,1110146,Pinofranqueado,ES432
34081919262,0819262,Tamajón,ES424
34081919263,0819263,Taragudo,ES424
34081919264,0819264,Taravilla,ES424
34081919265,0819265,Tartanedo,ES424
34081919266,0819266,Tendilla,ES424
34081919267,0819267,Terzaga,ES424
34081919268,0819268,Tierzo,ES424
34081919269,0819269,La Toba,ES424
34081919270,0819270,Tordelrábano,ES424
34081919271,0819271,Tordellego,ES424
34081919272,0819272,Tordesilos,ES424
34081919274,0819274,Torija,ES424
34081919277,0819277,Torrecuadrada de Molina,ES424
34081919278,0819278,Torrecuadradilla,ES424
34081919279,0819279,Torre del Burgo,ES424
34081919280,0819280,Torrejón del Rey,ES424
34081919281,0819281,Torremocha de Jadraque,ES424
34081919282,0819282,Torremocha del Campo,ES424
34081919283,0819283,Torremocha del Pinar,ES424
34081919284,0819284,Torremochuela,ES424
34081919285,0819285,Torrubia,ES424
34081919286,0819286,Tórtola de Henares,ES424
34081919287,0819287,Tortuera,ES424
34081919288,0819288,Tortuero,ES424
34081919289,0819289,Traíd,ES424
34081919290,0819290,Trijueque,ES424
34162020066,1620066,Errezil,ES212
34162020067,1620067,Errenteria,ES212
34081919291,0819291,Trillo,ES424
34081919293,0819293,Uceda,ES424
34081919294,0819294,Ujados,ES424
34081919296,0819296,Utande,ES424
34081919297,0819297,Valdarachas,ES424
34081919298,0819298,Valdearenas,ES424
34081919299,0819299,Valdeavellano,ES424
34162020068,1620068,Leintz-Gatzaga,ES212
34162020069,1620069,Donostia/San Sebastián,ES212
34081919300,0819300,Valdeaveruelo,ES424
34081919301,0819301,Valdeconcha,ES424
34081919302,0819302,Valdegrudas,ES424
34081919303,0819303,Valdelcubo,ES424
34081919304,0819304,Valdenuño Fernández,ES424
34081919305,0819305,Valdepeñas de la Sierra,ES424
34081919306,0819306,Valderrebollo,ES424
34081919307,0819307,Valdesotos,ES424
34162020070,1620070,Segura,ES212
34162020071,1620071,Tolosa,ES212
34081919308,0819308,Valfermoso de Tajuña,ES424
34081919309,0819309,Valhermoso,ES424
34081919310,0819310,Valtablado del Río,ES424
34081919311,0819311,Valverde de los Arroyos,ES424
34081919314,0819314,Viana de Jadraque,ES424
34081919317,0819317,Villanueva de Alcorón,ES424
34081919318,0819318,Villanueva de Argecilla,ES424
34081919319,0819319,Villanueva de la Torre,ES424
34081919321,0819321,Villares de Jadraque,ES424
34081919322,0819322,Villaseca de Henares,ES424
34081919323,0819323,Villaseca de Uceda,ES424
34081919324,0819324,Villel de Mesa,ES424
34081919325,0819325,Viñuelas,ES424
34081919326,0819326,Yebes,ES424
34081919327,0819327,Yebra,ES424
34081919329,0819329,Yélamos de Abajo,ES424
34081919330,0819330,Yélamos de Arriba,ES424
34081919331,0819331,Yunquera de Henares,ES424
34081919332,0819332,La Yunta,ES424
34081919333,0819333,Zaorejas,ES424
34081919334,0819334,Zarzuela de Jadraque,ES424
34081919335,0819335,Zorita de los Canes,ES424
34081919901,0819901,Semillas,ES424
34081953047,0853047,Aldovera,ES424
34084545001,0845001,Ajofrín,ES425
34123232062,1232062,Porqueira,ES113
34084545002,0845002,Alameda de la Sagra,ES425
34084545003,0845003,Albarreal de Tajo,ES425
34084545004,0845004,Alcabón,ES425
34084545005,0845005,Alcañizo,ES425
34084545006,0845006,Alcaudete de la Jara,ES425
34084545007,0845007,Alcolea de Tajo,ES425
34084545008,0845008,Aldea en Cabo,ES425
34084545009,0845009,Aldeanueva de Barbarroya,ES425
34084545010,0845010,Aldeanueva de San Bartolomé,ES425
34084545011,0845011,Almendral de la Cañada,ES425
34084545012,0845012,Almonacid de Toledo,ES425
34084545013,0845013,Almorox,ES425
34084545014,0845014,Añover de Tajo,ES425
34084545015,0845015,Arcicóllar,ES425
34084545016,0845016,Argés,ES425
34084545017,0845017,Azután,ES425
34084545018,0845018,Barcience,ES425
34084545019,0845019,Bargas,ES425
34084545020,0845020,Belvís de la Jara,ES425
34084545021,0845021,Borox,ES425
34084545022,0845022,Buenaventura,ES425
34084545023,0845023,Burguillos de Toledo,ES425
34084545024,0845024,Burujón,ES425
34084545025,0845025,Cabañas de la Sagra,ES425
34084545026,0845026,Cabañas de Yepes,ES425
34084545027,0845027,Cabezamesada,ES425
34084545028,0845028,Calera y Chozas,ES425
34084545029,0845029,Caleruela,ES425
34084545030,0845030,Calzada de Oropesa,ES425
34084545031,0845031,Camarena,ES425
34084545032,0845032,Camarenilla,ES425
34084545033,0845033,El Campillo de la Jara,ES425
34084545034,0845034,Camuñas,ES425
34084545035,0845035,Cardiel de los Montes,ES425
34084545036,0845036,Carmena,ES425
34084545037,0845037,El Carpio de Tajo,ES425
34084545038,0845038,Carranque,ES425
34084545039,0845039,Carriches,ES425
34084545040,0845040,El Casar de Escalona,ES425
34084545041,0845041,Casarrubios del Monte,ES425
34084545042,0845042,Casasbuenas,ES425
34153131142,1531142,Larraga,ES220
34084545043,0845043,Castillo de Bayuela,ES425
34153131143,1531143,Larraona,ES220
34153131144,1531144,Larraun,ES220
34084545045,0845045,Cazalegas,ES425
34084545046,0845046,Cebolla,ES425
34084545047,0845047,Cedillo del Condado,ES425
34153131145,1531145,Lazagurría,ES220
34153131146,1531146,Leache/Leatxe,ES220
34084545048,0845048,Los Cerralbos,ES425
34153131147,1531147,Legarda,ES220
34084545049,0845049,Cervera de los Montes,ES425
34084545050,0845050,Ciruelos,ES425
34153131148,1531148,Legaria,ES220
34084545051,0845051,Cobeja,ES425
34084545052,0845052,Cobisa,ES425
34084545053,0845053,Consuegra,ES425
34084545054,0845054,Corral de Almaguer,ES425
34084545055,0845055,Cuerva,ES425
34084545056,0845056,Chozas de Canales,ES425
34084545057,0845057,Chueca,ES425
34084545058,0845058,Domingo Pérez,ES425
34111010147,1110147,Piornal,ES432
34111010148,1110148,Plasencia,ES432
34084545059,0845059,Dosbarrios,ES425
34084545060,0845060,Erustes,ES425
34153131157,1531157,Lodosa,ES220
34084545061,0845061,Escalona,ES425
34084545062,0845062,Escalonilla,ES425
34084545063,0845063,Espinoso del Rey,ES425
34084545064,0845064,Esquivias,ES425
34084545065,0845065,La Estrella,ES425
34084545066,0845066,Fuensalida,ES425
34084545067,0845067,Gálvez,ES425
34084545068,0845068,Garciotum,ES425
34084545069,0845069,Gerindote,ES425
34084545070,0845070,Guadamur,ES425
34084545071,0845071,La Guardia,ES425
34084545072,0845072,Las Herencias,ES425
34084545073,0845073,Herreruela de Oropesa,ES425
34084545074,0845074,Hinojosa de San Vicente,ES425
34084545075,0845075,Hontanar,ES425
34084545076,0845076,Hormigos,ES425
34084545077,0845077,Huecas,ES425
34084545078,0845078,Huerta de Valdecarábanos,ES425
34084545079,0845079,La Iglesuela del Tiétar,ES425
34084545080,0845080,Illán de Vacas,ES425
34084545081,0845081,Illescas,ES425
34123636040,1236040,Portas,ES114
34123636041,1236041,Poio,ES114
34084545082,0845082,Lagartera,ES425
34084545083,0845083,Layos,ES425
34153131164,1531164,Mélida,ES220
34084545084,0845084,Lillo,ES425
34084545085,0845085,Lominchar,ES425
34123636048,1236048,O Rosal,ES114
34084545086,0845086,Lucillos,ES425
34084545087,0845087,Madridejos,ES425
34084545088,0845088,Magán,ES425
34084545089,0845089,Malpica de Tajo,ES425
34084545090,0845090,Manzaneque,ES425
34084545091,0845091,Maqueda,ES425
34084545092,0845092,Marjaliza,ES425
34123636049,1236049,Salceda de Caselas,ES114
34084545093,0845093,Marrupe,ES425
34123636053,1236053,Soutomaior,ES114
34084545094,0845094,Mascaraque,ES425
34084545095,0845095,La Mata,ES425
34084545096,0845096,Mazarambroz,ES425
34084545097,0845097,Mejorada,ES425
34123636054,1236054,Tomiño,ES114
34084545098,0845098,Menasalbas,ES425
34084545099,0845099,Méntrida,ES425
34084545100,0845100,Mesegar de Tajo,ES425
34084545101,0845101,Miguel Esteban,ES425
34084545102,0845102,Mocejón,ES425
34084545103,0845103,Mohedas de la Jara,ES425
34084545104,0845104,Montearagón,ES425
34084545105,0845105,Montesclaros,ES425
34084545106,0845106,Mora,ES425
34084545107,0845107,Nambroca,ES425
34084545108,0845108,La Nava de Ricomalillo,ES425
34123636055,1236055,Tui,ES114
34084545109,0845109,Navahermosa,ES425
34084545110,0845110,Navalcán,ES425
34084545111,0845111,Navalmoralejo,ES425
34084545112,0845112,Los Navalmorales,ES425
34084545113,0845113,Los Navalucillos,ES425
34084545114,0845114,Navamorcuende,ES425
34084545115,0845115,Noblejas,ES425
34084545116,0845116,Noez,ES425
34084545117,0845117,Nombela,ES425
34123636056,1236056,Valga,ES114
34123636057,1236057,Vigo,ES114
34123636058,1236058,Vilaboa,ES114
34123636059,1236059,Vila de Cruces,ES114
34123636060,1236060,Vilagarcía de Arousa,ES114
34123636061,1236061,Vilanova de Arousa,ES114
34123636901,1236901,A Illa de Arousa,ES114
34123636902,1236902,Cerdedo-Cotobade,ES114
34132828001,1328001,La Acebeda,ES300
34132828002,1328002,Ajalvir,ES300
34132828003,1328003,Alameda del Valle,ES300
34084545118,0845118,Novés,ES425
34084545119,0845119,Numancia de la Sagra,ES425
34084545120,0845120,Nuño Gómez,ES425
34084545121,0845121,Ocaña,ES425
34084545122,0845122,Olías del Rey,ES425
34084545123,0845123,Ontígola,ES425
34084545124,0845124,Orgaz,ES425
34084545125,0845125,Oropesa,ES425
34084545126,0845126,Otero,ES425
34084545127,0845127,Palomeque,ES425
34084545128,0845128,Pantoja,ES425
34084545129,0845129,Paredes de Escalona,ES425
34084545130,0845130,Parrillas,ES425
34084545131,0845131,Pelahustán,ES425
34084545132,0845132,Pepino,ES425
34084545133,0845133,Polán,ES425
34084545134,0845134,Portillo de Toledo,ES425
34084545135,0845135,La Puebla de Almoradiel,ES425
34084545136,0845136,La Puebla de Montalbán,ES425
34084545137,0845137,La Pueblanueva,ES425
34084545138,0845138,El Puente del Arzobispo,ES425
34084545139,0845139,Puerto de San Vicente,ES425
34084545140,0845140,Pulgar,ES425
34084545141,0845141,Quero,ES425
34084545142,0845142,Quintanar de la Orden,ES425
34132828004,1328004,El Álamo,ES300
34132828005,1328005,Alcalá de Henares,ES300
34132828006,1328006,Alcobendas,ES300
34132828007,1328007,Alcorcón,ES300
34132828008,1328008,Aldea del Fresno,ES300
34132828009,1328009,Algete,ES300
34084545143,0845143,Quismondo,ES425
34084545144,0845144,El Real de San Vicente,ES425
34132828010,1328010,Alpedrete,ES300
34132828011,1328011,Ambite,ES300
34084545145,0845145,Recas,ES425
34084545146,0845146,Retamoso de la Jara,ES425
34084545147,0845147,Rielves,ES425
34132828012,1328012,Anchuelo,ES300
34132828013,1328013,Aranjuez,ES300
34084545148,0845148,Robledo del Mazo,ES425
34084545149,0845149,El Romeral,ES425
34084545150,0845150,San Bartolomé de las Abiertas,ES425
34084545151,0845151,San Martín de Montalbán,ES425
34084545152,0845152,San Martín de Pusa,ES425
34084545153,0845153,San Pablo de los Montes,ES425
34084545154,0845154,San Román de los Montes,ES425
34084545155,0845155,Santa Ana de Pusa,ES425
34084545156,0845156,Santa Cruz de la Zarza,ES425
34084545157,0845157,Santa Cruz del Retamar,ES425
34162020072,1620072,Urnieta,ES212
34084545158,0845158,Santa Olalla,ES425
34084545159,0845159,Sartajada,ES425
34084545160,0845160,Segurilla,ES425
34084545161,0845161,Seseña,ES425
34162020075,1620075,Villabona,ES212
34084545162,0845162,Sevilleja de la Jara,ES425
34084545163,0845163,Sonseca,ES425
34084545164,0845164,Sotillo de las Palomas,ES425
34084545165,0845165,Talavera de la Reina,ES425
34162020076,1620076,Ordizia,ES212
34084545166,0845166,Tembleque,ES425
34084545167,0845167,El Toboso,ES425
34084545168,0845168,Toledo,ES425
34084545169,0845169,Torralba de Oropesa,ES425
34084545170,0845170,Torrecilla de la Jara,ES425
34162020077,1620077,Urretxu,ES212
34084545171,0845171,La Torre de Esteban Hambrán,ES425
34084545172,0845172,Torrico,ES425
34084545173,0845173,Torrijos,ES425
34084545174,0845174,Totanés,ES425
34084545175,0845175,Turleque,ES425
34084545176,0845176,Ugena,ES425
34084545177,0845177,Urda,ES425
34084545179,0845179,Valdeverdeja,ES425
34084545180,0845180,Valmojado,ES425
34084545181,0845181,Velada,ES425
34084545182,0845182,Las Ventas con Peña Aguilera,ES425
34084545183,0845183,Las Ventas de Retamosa,ES425
34084545184,0845184,Las Ventas de San Julián,ES425
34084545185,0845185,Villacañas,ES425
34084545186,0845186,La Villa de Don Fadrique,ES425
34084545187,0845187,Villafranca de los Caballeros,ES425
34084545188,0845188,Villaluenga de la Sagra,ES425
34084545189,0845189,Villamiel de Toledo,ES425
34084545190,0845190,Villaminaya,ES425
34084545191,0845191,Villamuelas,ES425
34084545192,0845192,Villanueva de Alcardete,ES425
34084545193,0845193,Villanueva de Bogas,ES425
34084545194,0845194,Villarejo de Montalbán,ES425
34084545195,0845195,Villarrubia de Santiago,ES425
34084545196,0845196,Villaseca de la Sagra,ES425
34084545197,0845197,Villasequilla,ES425
34084545198,0845198,Villatobas,ES425
34084545199,0845199,El Viso de San Juan,ES425
34084545200,0845200,Los Yébenes,ES425
34162020078,1620078,Zaldibia,ES212
34084545201,0845201,Yeles,ES425
34162020079,1620079,Zarautz,ES212
34084545202,0845202,Yepes,ES425
34084545203,0845203,Yuncler,ES425
34084545204,0845204,Yunclillos,ES425
34162020080,1620080,Zumarraga,ES212
34162020081,1620081,Zumaia,ES212
34084545205,0845205,Yuncos,ES425
34084545901,0845901,Santo Domingo-Caudilla,ES425
34090808001,0908001,Abrera,ES511
34090808002,0908002,Aguilar de Segarra,ES511
34111010149,1110149,Plasenzuela,ES432
34090808003,0908003,Alella,ES511
34090808004,0908004,Alpens,ES511
34090808005,0908005,L'Ametlla del Vallès,ES511
34090808006,0908006,Arenys de Mar,ES511
34110606063,1106063,Herrera del Duque,ES431
34090808007,0908007,Arenys de Munt,ES511
34090808008,0908008,Argençola,ES511
34090808009,0908009,Argentona,ES511
34090808010,0908010,Artés,ES511
34090808011,0908011,Avià,ES511
34090808012,0908012,Avinyó,ES511
34090808013,0908013,Avinyonet del Penedès,ES511
34090808014,0908014,Aiguafreda,ES511
34090808015,0908015,Badalona,ES511
34090808016,0908016,Bagà,ES511
34090808017,0908017,Balenyà,ES511
34090808018,0908018,Balsareny,ES511
34090808019,0908019,Barcelona,ES511
34090808020,0908020,Begues,ES511
34090808021,0908021,Bellprat,ES511
34090808022,0908022,Berga,ES511
34090808023,0908023,Bigues i Riells del Fai,ES511
34090808024,0908024,Borredà,ES511
34090808025,0908025,El Bruc,ES511
34090808026,0908026,El Brull,ES511
34090808027,0908027,Les Cabanyes,ES511
34090808028,0908028,Cabrera d'Anoia,ES511
34090808029,0908029,Cabrera de Mar,ES511
34090808030,0908030,Cabrils,ES511
34111010152,1110152,Pozuelo de Zarzón,ES432
34110606064,1106064,Higuera de la Serena,ES431
34110606065,1106065,Higuera de Llerena,ES431
34110606066,1106066,Higuera de Vargas,ES431
34110606067,1106067,Higuera la Real,ES431
34110606068,1106068,Hinojosa del Valle,ES431
34110606069,1106069,Hornachos,ES431
34110606070,1106070,Jerez de los Caballeros,ES431
34110606071,1106071,La Lapa,ES431
34111010153,1110153,Puerto de Santa Cruz,ES432
34111010154,1110154,Rebollar,ES432
34111010155,1110155,Riolobos,ES432
34110606072,1106072,Lobón,ES431
34110606073,1106073,Llera,ES431
34110606074,1106074,Llerena,ES431
34110606075,1106075,Magacela,ES431
34111010156,1110156,Robledillo de Gata,ES432
34110606076,1106076,Maguilla,ES431
34110606077,1106077,Malcocinado,ES431
34110606078,1106078,Malpartida de la Serena,ES431
34110606079,1106079,Manchita,ES431
34110606080,1106080,Medellín,ES431
34110606081,1106081,Medina de las Torres,ES431
34110606082,1106082,Mengabril,ES431
34110606083,1106083,Mérida,ES431
34110606084,1106084,Mirandilla,ES431
34110606085,1106085,Monesterio,ES431
34110606086,1106086,Montemolín,ES431
34110606087,1106087,Monterrubio de la Serena,ES431
34110606088,1106088,Montijo,ES431
34110606089,1106089,La Morera,ES431
34110606090,1106090,La Nava de Santiago,ES431
34110606091,1106091,Navalvillar de Pela,ES431
34110606092,1106092,Nogales,ES431
34110606093,1106093,Oliva de la Frontera,ES431
34110606094,1106094,Oliva de Mérida,ES431
34110606095,1106095,Olivenza,ES431
34110606096,1106096,Orellana de la Sierra,ES431
34110606097,1106097,Orellana la Vieja,ES431
34110606098,1106098,Palomas,ES431
34111010157,1110157,Robledillo de la Vera,ES432
34110606099,1106099,La Parra,ES431
34110606100,1106100,Peñalsordo,ES431
34111010158,1110158,Robledillo de Trujillo,ES432
34110606101,1106101,Peraleda del Zaucejo,ES431
34110606102,1106102,Puebla de Alcocer,ES431
34110606103,1106103,Puebla de la Calzada,ES431
34111010159,1110159,Robledollano,ES432
34110606104,1106104,Puebla de la Reina,ES431
34110606105,1106105,Puebla del Maestre,ES431
34110606106,1106106,Puebla del Prior,ES431
34110606107,1106107,Puebla de Obando,ES431
34110606108,1106108,Puebla de Sancho Pérez,ES431
34111010160,1110160,Romangordo,ES432
34111010044,1110044,Cañamero,ES432
34111010045,1110045,Cañaveral,ES432
34110606109,1106109,Quintana de la Serena,ES431
34110606110,1106110,Reina,ES431
34110606111,1106111,Rena,ES431
34111010161,1110161,Ruanes,ES432
34111010162,1110162,Salorino,ES432
34111010163,1110163,Salvatierra de Santiago,ES432
34111010164,1110164,San Martín de Trevejo,ES432
34110606112,1106112,Retamal de Llerena,ES431
34110606113,1106113,Ribera del Fresno,ES431
34110606114,1106114,Risco,ES431
34110606115,1106115,La Roca de la Sierra,ES431
34090808031,0908031,Calaf,ES511
34090808032,0908032,Caldes d'Estrac,ES511
34090808033,0908033,Caldes de Montbui,ES511
34110606116,1106116,Salvaleón,ES431
34090808034,0908034,Calders,ES511
34090808035,0908035,Calella,ES511
34090808036,0908036,Calonge de Segarra,ES511
34090808037,0908037,Calldetenes,ES511
34090808038,0908038,Callús,ES511
34090808039,0908039,Campins,ES511
34090808040,0908040,Canet de Mar,ES511
34090808041,0908041,Canovelles,ES511
34090808042,0908042,Cànoves i Samalús,ES511
34090808043,0908043,Canyelles,ES511
34162020907,1620907,Gaztelu,ES212
34111010165,1110165,Santa Ana,ES432
34090808044,0908044,Capellades,ES511
34090808045,0908045,Capolat,ES511
34090808046,0908046,Cardedeu,ES511
34090808047,0908047,Cardona,ES511
34090808048,0908048,Carme,ES511
34090808049,0908049,Casserres,ES511
34132828014,1328014,Arganda del Rey,ES300
34132828015,1328015,Arroyomolinos,ES300
34090808050,0908050,Castellar del Riu,ES511
34090808051,0908051,Castellar del Vallès,ES511
34090808052,0908052,Castellar de n'Hug,ES511
34090808053,0908053,Castellbell i el Vilar,ES511
34090808054,0908054,Castellbisbal,ES511
34090808055,0908055,Castellcir,ES511
34132828016,1328016,El Atazar,ES300
34132828017,1328017,Batres,ES300
34090808056,0908056,Castelldefels,ES511
34090808057,0908057,Castell de l'Areny,ES511
34090808058,0908058,Castellet i la Gornal,ES511
34090808059,0908059,Castellfollit del Boix,ES511
34090808060,0908060,Castellfollit de Riubregós,ES511
34090808061,0908061,Castellgalí,ES511
34090808062,0908062,Castellnou de Bages,ES511
34090808063,0908063,Castellolí,ES511
34090808064,0908064,Castellterçol,ES511
34090808065,0908065,Castellví de la Marca,ES511
34090808066,0908066,Castellví de Rosanes,ES511
34090808067,0908067,Centelles,ES511
34090808068,0908068,Cervelló,ES511
34090808069,0908069,Collbató,ES511
34090808070,0908070,Collsuspina,ES511
34090808071,0908071,Copons,ES511
34090808072,0908072,Corbera de Llobregat,ES511
34090808073,0908073,Cornellà de Llobregat,ES511
34090808074,0908074,Cubelles,ES511
34090808075,0908075,Dosrius,ES511
34090808076,0908076,Esparreguera,ES511
34090808077,0908077,Esplugues de Llobregat,ES511
34090808078,0908078,L'Espunyola,ES511
34090808079,0908079,L'Estany,ES511
34090808080,0908080,Fígols,ES511
34090808081,0908081,Fogars de Montclús,ES511
34090808082,0908082,Fogars de la Selva,ES511
34090808083,0908083,Folgueroles,ES511
34090808084,0908084,Fonollosa,ES511
34090808085,0908085,Font-rubí,ES511
34162053000,1653000,Parzonería general de Guipúzcoa y Álava,ES212
34090808086,0908086,Les Franqueses del Vallès,ES511
34090808087,0908087,Gallifa,ES511
34162053048,1653048,Mancomunidad de Amezketa y Ordizia,ES212
34164848001,1648001,Abadiño,ES213
34090808088,0908088,La Garriga,ES511
34090808089,0908089,Gavà,ES511
34090808090,0908090,Gaià,ES511
34090808091,0908091,Gelida,ES511
34090808092,0908092,Gironella,ES511
34090808093,0908093,Gisclareny,ES511
34090808094,0908094,La Granada,ES511
34090808095,0908095,Granera,ES511
34090808096,0908096,Granollers,ES511
34132828024,1328024,Braojos,ES300
34111010166,1110166,Santa Cruz de la Sierra,ES432
34090808097,0908097,Gualba,ES511
34090808098,0908098,Sant Salvador de Guardiola,ES511
34090808099,0908099,Guardiola de Berguedà,ES511
34090808100,0908100,Gurb,ES511
34090808101,0908101,L'Hospitalet de Llobregat,ES511
34090808102,0908102,Igualada,ES511
34090808103,0908103,Jorba,ES511
34090808104,0908104,La Llacuna,ES511
34090808105,0908105,La Llagosta,ES511
34090808106,0908106,Llinars del Vallès,ES511
34090808107,0908107,Lliçà d'Amunt,ES511
34090808108,0908108,Lliçà de Vall,ES511
34090808109,0908109,Lluçà,ES511
34121515046,1215046,Melide,ES111
34121515047,1215047,Mesía,ES111
34121515048,1215048,Miño,ES111
34121515049,1215049,Moeche,ES111
34121515050,1215050,Monfero,ES111
34121515051,1215051,Mugardos,ES111
34121515052,1215052,Muxía,ES111
34121515053,1215053,Muros,ES111
34121515054,1215054,Narón,ES111
34121515055,1215055,Neda,ES111
34121515056,1215056,Negreira,ES111
34121515057,1215057,Noia,ES111
34121515058,1215058,Oleiros,ES111
34121515059,1215059,Ordes,ES111
34121515060,1215060,Oroso,ES111
34121515061,1215061,Ortigueira,ES111
34121515062,1215062,Outes,ES111
34121515064,1215064,Paderne,ES111
34121515065,1215065,Padrón,ES111
34111010167,1110167,Santa Cruz de Paniagua,ES432
34090808110,0908110,Malgrat de Mar,ES511
34121515066,1215066,O Pino,ES111
34121515067,1215067,A Pobra do Caramiñal,ES111
34121515068,1215068,Ponteceso,ES111
34121515069,1215069,Pontedeume,ES111
34121515070,1215070,As Pontes de García Rodríguez,ES111
34121515071,1215071,Porto do Son,ES111
34121515072,1215072,Rianxo,ES111
34090808111,0908111,Malla,ES511
34090808112,0908112,Manlleu,ES511
34121515073,1215073,Ribeira,ES111
34121515074,1215074,Rois,ES111
34121515075,1215075,Sada,ES111
34090808113,0908113,Manresa,ES511
34090808114,0908114,Martorell,ES511
34090808115,0908115,Martorelles,ES511
34090808116,0908116,Les Masies de Roda,ES511
34090808117,0908117,Les Masies de Voltregà,ES511
34090808118,0908118,El Masnou,ES511
34090808119,0908119,Masquefa,ES511
34090808120,0908120,Matadepera,ES511
34090808121,0908121,Mataró,ES511
34090808122,0908122,Mediona,ES511
34090808123,0908123,Molins de Rei,ES511
34090808124,0908124,Mollet del Vallès,ES511
34090808125,0908125,Montcada i Reixac,ES511
34090808126,0908126,Montgat,ES511
34090808127,0908127,Monistrol de Montserrat,ES511
34090808128,0908128,Monistrol de Calders,ES511
34090808129,0908129,Muntanyola,ES511
34090808130,0908130,Montclar,ES511
34110606117,1106117,Salvatierra de los Barros,ES431
34090808131,0908131,Montesquiu,ES511
34090808132,0908132,Montmajor,ES511
34090808133,0908133,Montmaneu,ES511
34090808134,0908134,Figaró-Montmany,ES511
34090808135,0908135,Montmeló,ES511
34090808136,0908136,Montornès del Vallès,ES511
34090808137,0908137,Montseny,ES511
34090808138,0908138,Moià,ES511
34090808139,0908139,Mura,ES511
34090808140,0908140,Navarcles,ES511
34090808141,0908141,Navàs,ES511
34090808142,0908142,La Nou de Berguedà,ES511
34090808143,0908143,Òdena,ES511
34090808144,0908144,Olvan,ES511
34090808145,0908145,Olèrdola,ES511
34090808146,0908146,Olesa de Bonesvalls,ES511
34090808147,0908147,Olesa de Montserrat,ES511
34090808148,0908148,Olivella,ES511
34090808149,0908149,Olost,ES511
34090808150,0908150,Orís,ES511
34090808151,0908151,Oristà,ES511
34090808152,0908152,Orpí,ES511
34090808153,0908153,Òrrius,ES511
34090808154,0908154,Pacs del Penedès,ES511
34090808155,0908155,Palafolls,ES511
34090808156,0908156,Palau-solità i Plegamans,ES511
34090808157,0908157,Pallejà,ES511
34121515083,1215083,Toques,ES111
34121515084,1215084,Tordoia,ES111
34090808158,0908158,El Papiol,ES511
34121515085,1215085,Touro,ES111
34121515086,1215086,Trazo,ES111
34121515087,1215087,Valdoviño,ES111
34090808159,0908159,Parets del Vallès,ES511
34090808160,0908160,Perafita,ES511
34090808161,0908161,Piera,ES511
34090808162,0908162,Els Hostalets de Pierola,ES511
34090808163,0908163,Pineda de Mar,ES511
34090808164,0908164,El Pla del Penedès,ES511
34090808165,0908165,La Pobla de Claramunt,ES511
34090808166,0908166,La Pobla de Lillet,ES511
34090808167,0908167,Polinyà,ES511
34090808168,0908168,Pontons,ES511
34090808169,0908169,El Prat de Llobregat,ES511
34090808170,0908170,Els Prats de Rei,ES511
34090808171,0908171,Prats de Lluçanès,ES511
34090808172,0908172,Premià de Mar,ES511
34090808174,0908174,Puigdàlber,ES511
34090808175,0908175,Puig-reig,ES511
34090808176,0908176,Pujalt,ES511
34090808177,0908177,La Quar,ES511
34090808178,0908178,Rajadell,ES511
34090808179,0908179,Rellinars,ES511
34090808180,0908180,Ripollet,ES511
34090808181,0908181,La Roca del Vallès,ES511
34090808182,0908182,El Pont de Vilomara i Rocafort,ES511
34090808183,0908183,Roda de Ter,ES511
34090808184,0908184,Rubí,ES511
34090808185,0908185,Rubió,ES511
34090808187,0908187,Sabadell,ES511
34090808188,0908188,Sagàs,ES511
34090808189,0908189,Sant Pere Sallavinera,ES511
34090808190,0908190,Saldes,ES511
34090808191,0908191,Sallent,ES511
34090808192,0908192,Santpedor,ES511
34090808193,0908193,Sant Iscle de Vallalta,ES511
34090808194,0908194,Sant Adrià de Besòs,ES511
34090808195,0908195,Sant Agustí de Lluçanès,ES511
34090808196,0908196,Sant Andreu de la Barca,ES511
34090808197,0908197,Sant Andreu de Llavaneres,ES511
34090808198,0908198,Sant Antoni de Vilamajor,ES511
34090808199,0908199,Sant Bartomeu del Grau,ES511
34090808200,0908200,Sant Boi de Llobregat,ES511
34090808201,0908201,Sant Boi de Lluçanès,ES511
34090808202,0908202,Sant Celoni,ES511
34090808203,0908203,Sant Cebrià de Vallalta,ES511
34090808204,0908204,Sant Climent de Llobregat,ES511
34090808205,0908205,Sant Cugat del Vallès,ES511
34090808206,0908206,Sant Cugat Sesgarrigues,ES511
34110606118,1106118,Sancti-Spíritus,ES431
34110606119,1106119,San Pedro de Mérida,ES431
34090808207,0908207,Sant Esteve de Palautordera,ES511
34090808208,0908208,Sant Esteve Sesrovires,ES511
34090808209,0908209,Sant Fost de Campsentelles,ES511
34090808210,0908210,Sant Feliu de Codines,ES511
34090808211,0908211,Sant Feliu de Llobregat,ES511
34090808212,0908212,Sant Feliu Sasserra,ES511
34090808213,0908213,Sant Fruitós de Bages,ES511
34090808214,0908214,Vilassar de Dalt,ES511
34090808215,0908215,Sant Hipòlit de Voltregà,ES511
34090808216,0908216,Sant Jaume de Frontanyà,ES511
34090808217,0908217,Sant Joan Despí,ES511
34090808218,0908218,Sant Joan de Vilatorrada,ES511
34090808219,0908219,Vilassar de Mar,ES511
34090808220,0908220,Sant Julià de Vilatorta,ES511
34090808221,0908221,Sant Just Desvern,ES511
34090808222,0908222,Sant Llorenç d'Hortons,ES511
34090808223,0908223,Sant Llorenç Savall,ES511
34090808224,0908224,Sant Martí de Centelles,ES511
34090808225,0908225,Sant Martí d'Albars,ES511
34090808226,0908226,Sant Martí de Tous,ES511
34090808227,0908227,Sant Martí Sarroca,ES511
34090808228,0908228,Sant Martí Sesgueioles,ES511
34090808229,0908229,Sant Mateu de Bages,ES511
34132828025,1328025,Brea de Tajo,ES300
34090808230,0908230,Premià de Dalt,ES511
34132828026,1328026,Brunete,ES300
34132828027,1328027,Buitrago del Lozoya,ES300
34132828028,1328028,Bustarviejo,ES300
34090808231,0908231,Sant Pere de Ribes,ES511
34132828029,1328029,Cabanillas de la Sierra,ES300
34090808232,0908232,Sant Pere de Riudebitlles,ES511
34090808233,0908233,Sant Pere de Torelló,ES511
34090808234,0908234,Sant Pere de Vilamajor,ES511
34090808235,0908235,Sant Pol de Mar,ES511
34090808236,0908236,Sant Quintí de Mediona,ES511
34090808237,0908237,Sant Quirze de Besora,ES511
34090808238,0908238,Sant Quirze del Vallès,ES511
34090808239,0908239,Sant Quirze Safaja,ES511
34090808240,0908240,Sant Sadurní d'Anoia,ES511
34090808241,0908241,Sant Sadurní d'Osormort,ES511
34090808242,0908242,Marganell,ES511
34090808243,0908243,Santa Cecília de Voltregà,ES511
34132828030,1328030,La Cabrera,ES300
34132828031,1328031,Cadalso de los Vidrios,ES300
34090808244,0908244,Santa Coloma de Cervelló,ES511
34090808245,0908245,Santa Coloma de Gramenet,ES511
34090808246,0908246,Santa Eugènia de Berga,ES511
34090808247,0908247,Santa Eulàlia de Riuprimer,ES511
34090808248,0908248,Santa Eulàlia de Ronçana,ES511
34110606120,1106120,Santa Amalia,ES431
34090808249,0908249,Santa Fe del Penedès,ES511
34090808250,0908250,Santa Margarida de Montbui,ES511
34090808251,0908251,Santa Margarida i els Monjos,ES511
34090808252,0908252,Barberà del Vallès,ES511
34090808253,0908253,Santa Maria de Besora,ES511
34090808254,0908254,L'Esquirol,ES511
34090808255,0908255,Santa Maria de Merlès,ES511
34090808256,0908256,Santa Maria de Martorelles,ES511
34090808257,0908257,Santa Maria de Miralles,ES511
34090808258,0908258,Santa Maria d'Oló,ES511
34090808259,0908259,Santa Maria de Palautordera,ES511
34090808260,0908260,Santa Perpètua de Mogoda,ES511
34090808261,0908261,Santa Susanna,ES511
34090808262,0908262,Sant Vicenç de Castellet,ES511
34090808263,0908263,Sant Vicenç dels Horts,ES511
34090808264,0908264,Sant Vicenç de Montalt,ES511
34110606121,1106121,Santa Marta,ES431
34090808265,0908265,Sant Vicenç de Torelló,ES511
34090808266,0908266,Cerdanyola del Vallès,ES511
34090808267,0908267,Sentmenat,ES511
34090808268,0908268,Cercs,ES511
34090808269,0908269,Seva,ES511
34090808270,0908270,Sitges,ES511
34090808271,0908271,Sobremunt,ES511
34110606122,1106122,Los Santos de Maimona,ES431
34110606123,1106123,San Vicente de Alcántara,ES431
34090808272,0908272,Sora,ES511
34090808273,0908273,Subirats,ES511
34090808274,0908274,Súria,ES511
34090808275,0908275,Tavèrnoles,ES511
34090808276,0908276,Tagamanent,ES511
34090808277,0908277,Talamanca,ES511
34090808278,0908278,Taradell,ES511
34090808279,0908279,Terrassa,ES511
34090808280,0908280,Tavertet,ES511
34090808281,0908281,Teià,ES511
34090808282,0908282,Tiana,ES511
34090808283,0908283,Tona,ES511
34090808284,0908284,Tordera,ES511
34090808285,0908285,Torelló,ES511
34090808286,0908286,La Torre de Claramunt,ES511
34090808287,0908287,Torrelavit,ES511
34090808288,0908288,Torrelles de Foix,ES511
34090808289,0908289,Torrelles de Llobregat,ES511
34090808290,0908290,Ullastrell,ES511
34090808291,0908291,Vacarisses,ES511
34090808292,0908292,Vallbona d'Anoia,ES511
34090808293,0908293,Vallcebre,ES511
34090808294,0908294,Vallgorguina,ES511
34090808295,0908295,Vallirana,ES511
34090808296,0908296,Vallromanes,ES511
34090808297,0908297,Veciana,ES511
34090808298,0908298,Vic,ES511
34090808299,0908299,Vilada,ES511
34090808300,0908300,Viladecavalls,ES511
34090808301,0908301,Viladecans,ES511
34090808302,0908302,Vilanova del Camí,ES511
34090808303,0908303,Vilanova de Sau,ES511
34090808304,0908304,Vilobí del Penedès,ES511
34132828032,1328032,Camarma de Esteruelas,ES300
34090808305,0908305,Vilafranca del Penedès,ES511
34090808306,0908306,Vilalba Sasserra,ES511
34090808307,0908307,Vilanova i la Geltrú,ES511
34090808308,0908308,Viver i Serrateix,ES511
34090808901,0908901,Rupit i Pruit,ES511
34090808902,0908902,Vilanova del Vallès,ES511
34090808903,0908903,Sant Julià de Cerdanyola,ES511
34090808904,0908904,Badia del Vallès,ES511
34090808905,0908905,La Palma de Cervelló,ES511
34091717001,0917001,Agullana,ES512
34091717002,0917002,Aiguaviva,ES512
34091717003,0917003,Albanyà,ES512
34091717004,0917004,Albons,ES512
34091717005,0917005,El Far d'Empordà,ES512
34091717006,0917006,Alp,ES512
34091717007,0917007,Amer,ES512
34164848015,1648015,Basauri,ES213
34091717008,0917008,Anglès,ES512
34091717009,0917009,Arbúcies,ES512
34091717010,0917010,Argelaguer,ES512
34091717011,0917011,L'Armentera,ES512
34091717012,0917012,Avinyonet de Puigventós,ES512
34091717013,0917013,Begur,ES512
34091717014,0917014,La Vajol,ES512
34091717015,0917015,Banyoles,ES512
34091717016,0917016,Bàscara,ES512
34091717018,0917018,Bellcaire d'Empordà,ES512
34132828033,1328033,Campo Real,ES300
34091717019,0917019,Besalú,ES512
34091717020,0917020,Bescanó,ES512
34091717021,0917021,Beuda,ES512
34132828034,1328034,Canencia,ES300
34091717022,0917022,La Bisbal d'Empordà,ES512
34091717023,0917023,Blanes,ES512
34091717024,0917024,Bolvir,ES512
34132828035,1328035,Carabaña,ES300
34164848016,1648016,Berango,ES213
34164848017,1648017,Bermeo,ES213
34091717025,0917025,Bordils,ES512
34164848018,1648018,Berriatua,ES213
34164848019,1648019,Berriz,ES213
34164848020,1648020,Bilbao,ES213
34164848021,1648021,Busturia,ES213
34164848022,1648022,Karrantza Harana/Valle de Carranza,ES213
34091717026,0917026,Borrassà,ES512
34091717027,0917027,Breda,ES512
34091717028,0917028,Brunyola i Sant Martí Sapresa,ES512
34091717029,0917029,Boadella i les Escaules,ES512
34091717030,0917030,Cabanes,ES512
34091717031,0917031,Cabanelles,ES512
34091717032,0917032,Cadaqués,ES512
34091717033,0917033,Caldes de Malavella,ES512
34091717034,0917034,Calonge i Sant Antoni,ES512
34091717035,0917035,Camós,ES512
34091717036,0917036,Campdevànol,ES512
34091717037,0917037,Campelles,ES512
34091717038,0917038,Campllong,ES512
34091717039,0917039,Camprodon,ES512
34091717040,0917040,Canet d'Adri,ES512
34091717041,0917041,Cantallops,ES512
34091717042,0917042,Capmany,ES512
34091717043,0917043,Queralbs,ES512
34091717044,0917044,Cassà de la Selva,ES512
34091717046,0917046,Castellfollit de la Roca,ES512
34091717047,0917047,Castelló d'Empúries,ES512
34091717048,0917048,Castell-Platja d'Aro,ES512
34132828036,1328036,Casarrubuelos,ES300
34132828037,1328037,Cenicientos,ES300
34091717049,0917049,Celrà,ES512
34091717050,0917050,Cervià de Ter,ES512
34091717051,0917051,Cistella,ES512
34091717052,0917052,Siurana,ES512
34091717054,0917054,Colera,ES512
34091717055,0917055,Colomers,ES512
34091717056,0917056,Cornellà del Terri,ES512
34091717057,0917057,Corçà,ES512
34091717058,0917058,Crespià,ES512
34091717060,0917060,Darnius,ES512
34091717061,0917061,Das,ES512
34091717062,0917062,L'Escala,ES512
34091717063,0917063,Espinelves,ES512
34091717064,0917064,Espolla,ES512
34091717065,0917065,Esponellà,ES512
34091717066,0917066,Figueres,ES512
34091717067,0917067,Flaçà,ES512
34091717068,0917068,Foixà,ES512
34091717069,0917069,Fontanals de Cerdanya,ES512
34091717070,0917070,Fontanilles,ES512
34091717071,0917071,Fontcoberta,ES512
34091717073,0917073,Fornells de la Selva,ES512
34091717074,0917074,Fortià,ES512
34091717075,0917075,Garrigàs,ES512
34110606124,1106124,Segura de León,ES431
34110606125,1106125,Siruela,ES431
34091717076,0917076,Garrigoles,ES512
34091717077,0917077,Garriguella,ES512
34091717078,0917078,Ger,ES512
34091717079,0917079,Girona,ES512
34091717080,0917080,Gombrèn,ES512
34091717081,0917081,Gualta,ES512
34091717082,0917082,Guils de Cerdanya,ES512
34091717083,0917083,Hostalric,ES512
34091717084,0917084,Isòvol,ES512
34091717085,0917085,Jafre,ES512
34091717086,0917086,La Jonquera,ES512
34091717087,0917087,Juià,ES512
34091717088,0917088,Lladó,ES512
34091717089,0917089,Llagostera,ES512
34091717090,0917090,Llambilles,ES512
34091717091,0917091,Llanars,ES512
34091717092,0917092,Llançà,ES512
34091717093,0917093,Llers,ES512
34110606126,1106126,Solana de los Barros,ES431
34091717094,0917094,Llívia,ES512
34091717095,0917095,Lloret de Mar,ES512
34091717096,0917096,Les Llosses,ES512
34091717097,0917097,Madremanya,ES512
34091717098,0917098,Maià de Montcal,ES512
34091717099,0917099,Meranges,ES512
34110606128,1106128,Talavera la Real,ES431
34091717100,0917100,Masarac,ES512
34091717101,0917101,Massanes,ES512
34091717102,0917102,Maçanet de Cabrenys,ES512
34091717103,0917103,Maçanet de la Selva,ES512
34091717105,0917105,Mieres,ES512
34091717106,0917106,Mollet de Peralada,ES512
34091717107,0917107,Molló,ES512
34091717109,0917109,Montagut i Oix,ES512
34110606129,1106129,Táliga,ES431
34091717110,0917110,Mont-ras,ES512
34091717111,0917111,Navata,ES512
34091717112,0917112,Ogassa,ES512
34091717114,0917114,Olot,ES512
34091717115,0917115,Ordis,ES512
34091717116,0917116,Osor,ES512
34091717117,0917117,Palafrugell,ES512
34091717118,0917118,Palamós,ES512
34091717119,0917119,Palau de Santa Eulàlia,ES512
34091717120,0917120,Palau-saverdera,ES512
34091717121,0917121,Palau-sator,ES512
34091717123,0917123,Palol de Revardit,ES512
34110606130,1106130,Tamurejo,ES431
34091717124,0917124,Pals,ES512
34091717125,0917125,Pardines,ES512
34091717126,0917126,Parlavà,ES512
34091717128,0917128,Pau,ES512
34091717129,0917129,Pedret i Marzà,ES512
34110606131,1106131,Torre de Miguel Sesmero,ES431
34110606132,1106132,Torremayor,ES431
34091717130,0917130,La Pera,ES512
34091717132,0917132,Peralada,ES512
34091717133,0917133,Les Planes d'Hostoles,ES512
34091717134,0917134,Planoles,ES512
34091717135,0917135,Pont de Molins,ES512
34091717136,0917136,Pontós,ES512
34091717137,0917137,Porqueres,ES512
34091717138,0917138,Portbou,ES512
34091717139,0917139,Les Preses,ES512
34091717140,0917140,El Port de la Selva,ES512
34091717141,0917141,Puigcerdà,ES512
34091717142,0917142,Quart,ES512
34091717143,0917143,Rabós,ES512
34091717144,0917144,Regencós,ES512
34091717145,0917145,Ribes de Freser,ES512
34091717146,0917146,Riells i Viabrea,ES512
34091717147,0917147,Ripoll,ES512
34091717148,0917148,Riudarenes,ES512
34091717149,0917149,Riudaura,ES512
34091717150,0917150,Riudellots de la Selva,ES512
34091717151,0917151,Riumors,ES512
34091717152,0917152,Roses,ES512
34091717153,0917153,Rupià,ES512
34091717154,0917154,Sales de Llierca,ES512
34091717155,0917155,Salt,ES512
34091717157,0917157,Sant Andreu Salou,ES512
34091717158,0917158,Sant Climent Sescebes,ES512
34132828038,1328038,Cercedilla,ES300
34091717159,0917159,Sant Feliu de Buixalleu,ES512
34091717160,0917160,Sant Feliu de Guíxols,ES512
34091717161,0917161,Sant Feliu de Pallerols,ES512
34091717162,0917162,Sant Ferriol,ES512
34091717163,0917163,Sant Gregori,ES512
34091717164,0917164,Sant Hilari Sacalm,ES512
34091717165,0917165,Sant Jaume de Llierca,ES512
34132828039,1328039,Cervera de Buitrago,ES300
34132828040,1328040,Ciempozuelos,ES300
34132828041,1328041,Cobeña,ES300
34132828042,1328042,Colmenar del Arroyo,ES300
34132828043,1328043,Colmenar de Oreja,ES300
34132828044,1328044,Colmenarejo,ES300
34132828045,1328045,Colmenar Viejo,ES300
34091717166,0917166,Sant Jordi Desvalls,ES512
34091717167,0917167,Sant Joan de les Abadesses,ES512
34091717168,0917168,Sant Joan de Mollet,ES512
34091717169,0917169,Sant Julià de Ramis,ES512
34091717170,0917170,Vallfogona de Ripollès,ES512
34091717171,0917171,Sant Llorenç de la Muga,ES512
34091717172,0917172,Sant Martí de Llémena,ES512
34091717173,0917173,Sant Martí Vell,ES512
34091717174,0917174,Sant Miquel de Campmajor,ES512
34091717175,0917175,Sant Miquel de Fluvià,ES512
34091717176,0917176,Sant Mori,ES512
34091717177,0917177,Sant Pau de Segúries,ES512
34091717178,0917178,Sant Pere Pescador,ES512
34091717180,0917180,Santa Coloma de Farners,ES512
34091717181,0917181,Santa Cristina d'Aro,ES512
34091717182,0917182,Santa Llogaia d'Àlguema,ES512
34091717183,0917183,Sant Aniol de Finestres,ES512
34091717184,0917184,Santa Pau,ES512
34091717185,0917185,Sant Joan les Fonts,ES512
34110606133,1106133,Torremejía,ES431
34091717186,0917186,Sarrià de Ter,ES512
34091717187,0917187,"Saus, Camallera i Llampaies",ES512
34091717188,0917188,La Selva de Mar,ES512
34091717189,0917189,La Cellera de Ter,ES512
34091717190,0917190,Serinyà,ES512
34091717191,0917191,Serra de Daró,ES512
34091717192,0917192,Setcases,ES512
34091717193,0917193,Sils,ES512
34091717194,0917194,Susqueda,ES512
34091717195,0917195,La Tallada d'Empordà,ES512
34091717196,0917196,Terrades,ES512
34091717197,0917197,Torrent,ES512
34091717198,0917198,Torroella de Fluvià,ES512
34091717199,0917199,Torroella de Montgrí,ES512
34091717200,0917200,Tortellà,ES512
34091717201,0917201,Toses,ES512
34091717202,0917202,Tossa de Mar,ES512
34091717203,0917203,Ultramort,ES512
34091717204,0917204,Ullà,ES512
34091717205,0917205,Ullastret,ES512
34091717206,0917206,Urús,ES512
34091717207,0917207,La Vall d'en Bas,ES512
34091717208,0917208,La Vall de Bianya,ES512
34091717209,0917209,Vall-llobrega,ES512
34091717210,0917210,Ventalló,ES512
34091717211,0917211,Verges,ES512
34091717212,0917212,Vidrà,ES512
34091717213,0917213,Vidreres,ES512
34091717214,0917214,Vilabertran,ES512
34091717215,0917215,Vilablareix,ES512
34091717216,0917216,Viladasens,ES512
34091717217,0917217,Viladamat,ES512
34091717218,0917218,Vilademuls,ES512
34091717220,0917220,Viladrau,ES512
34091717221,0917221,Vilafant,ES512
34091717222,0917222,Vilaür,ES512
34091717223,0917223,Vilajuïga,ES512
34091717224,0917224,Vilallonga de Ter,ES512
34091717225,0917225,Vilamacolum,ES512
34091717226,0917226,Vilamalla,ES512
34091717227,0917227,Vilamaniscle,ES512
34091717228,0917228,Vilanant,ES512
34091717230,0917230,Vila-sacra,ES512
34091717232,0917232,Vilopriu,ES512
34110606134,1106134,Trasierra,ES431
34091717233,0917233,Vilobí d'Onyar,ES512
34091717234,0917234,Biure,ES512
34091717901,0917901,"Cruïlles, Monells i Sant Sadurní de l'Heura",ES512
34091717902,0917902,Forallac,ES512
34091717903,0917903,Sant Julià del Llor i Bonmatí,ES512
34092525001,0925001,Abella de la Conca,ES513
34092525002,0925002,Àger,ES513
34092525003,0925003,Agramunt,ES513
34092525004,0925004,Els Alamús,ES513
34092525005,0925005,Alàs i Cerc,ES513
34092525006,0925006,L'Albagés,ES513
34092525007,0925007,Albatàrrec,ES513
34092525008,0925008,Albesa,ES513
34092525009,0925009,L'Albi,ES513
34110606135,1106135,Trujillanos,ES431
34092525010,0925010,Alcanó,ES513
34110606137,1106137,Valdecaballeros,ES431
34092525011,0925011,Alcarràs,ES513
34110606138,1106138,Valdetorres,ES431
34110606139,1106139,Valencia de las Torres,ES431
34092525012,0925012,Alcoletge,ES513
34110606140,1106140,Valencia del Mombuey,ES431
34110606141,1106141,Valencia del Ventoso,ES431
34092525013,0925013,Alfarràs,ES513
34132828050,1328050,Cubas de la Sagra,ES300
34132828051,1328051,Chapinería,ES300
34132828052,1328052,Chinchón,ES300
34132828053,1328053,Daganzo de Arriba,ES300
34132828054,1328054,El Escorial,ES300
34132828055,1328055,Estremera,ES300
34132828056,1328056,Fresnedillas de la Oliva,ES300
34092525014,0925014,Alfés,ES513
34092525015,0925015,Algerri,ES513
34092525016,0925016,Alguaire,ES513
34092525017,0925017,Alins,ES513
34092525019,0925019,Almacelles,ES513
34092525020,0925020,Almatret,ES513
34092525021,0925021,Almenar,ES513
34092525022,0925022,Alòs de Balaguer,ES513
34092525023,0925023,Alpicat,ES513
34092525024,0925024,Alt Àneu,ES513
34092525025,0925025,Naut Aran,ES513
34092525027,0925027,Anglesola,ES513
34092525029,0925029,Arbeca,ES513
34092525030,0925030,El Pont de Bar,ES513
34092525031,0925031,Arres,ES513
34092525032,0925032,Arsèguel,ES513
34092525033,0925033,Artesa de Lleida,ES513
34092525034,0925034,Artesa de Segre,ES513
34092525035,0925035,La Sentiu de Sió,ES513
34092525036,0925036,Aspa,ES513
34092525037,0925037,Les Avellanes i Santa Linya,ES513
34092525038,0925038,Aitona,ES513
34092525039,0925039,Baix Pallars,ES513
34092525040,0925040,Balaguer,ES513
34132828057,1328057,Fresno de Torote,ES300
34132828058,1328058,Fuenlabrada,ES300
34092525041,0925041,Barbens,ES513
34092525042,0925042,La Baronia de Rialb,ES513
34092525043,0925043,La Vall de Boí,ES513
34092525044,0925044,Bassella,ES513
34092525045,0925045,Bausen,ES513
34092525046,0925046,Belianes,ES513
34092525047,0925047,Bellcaire d'Urgell,ES513
34092525048,0925048,Bell-lloc d'Urgell,ES513
34164848027,1648027,Durango,ES213
34164848028,1648028,Ea,ES213
34092525049,0925049,Bellmunt d'Urgell,ES513
34092525050,0925050,Bellpuig,ES513
34092525051,0925051,Bellver de Cerdanya,ES513
34092525052,0925052,Bellvís,ES513
34092525053,0925053,Benavent de Segrià,ES513
34092525055,0925055,Biosca,ES513
34092525056,0925056,Bovera,ES513
34092525057,0925057,Es Bòrdes,ES513
34092525058,0925058,Les Borges Blanques,ES513
34092525059,0925059,Bossòst,ES513
34092525060,0925060,Cabanabona,ES513
34092525061,0925061,Cabó,ES513
34092525062,0925062,Camarasa,ES513
34092525063,0925063,Canejan,ES513
34092525064,0925064,Castellar de la Ribera,ES513
34092525067,0925067,Castelldans,ES513
34092525068,0925068,Castellnou de Seana,ES513
34092525069,0925069,Castelló de Farfanya,ES513
34092525070,0925070,Castellserà,ES513
34092525071,0925071,Cava,ES513
34092525072,0925072,Cervera,ES513
34092525073,0925073,Cervià de les Garrigues,ES513
34092525074,0925074,Ciutadilla,ES513
34092525075,0925075,Clariana de Cardener,ES513
34092525076,0925076,El Cogul,ES513
34092525077,0925077,Coll de Nargó,ES513
34092525078,0925078,Corbins,ES513
34092525079,0925079,Cubells,ES513
34132828066,1328066,Griñón,ES300
34132828067,1328067,Guadalix de la Sierra,ES300
34132828068,1328068,Guadarrama,ES300
34132828069,1328069,La Hiruela,ES300
34132828070,1328070,Horcajo de la Sierra-Aoslos,ES300
34132828071,1328071,Horcajuelo de la Sierra,ES300
34110606142,1106142,Valverde de Burguillos,ES431
34092525081,0925081,L'Espluga Calba,ES513
34092525082,0925082,Espot,ES513
34092525085,0925085,Estaràs,ES513
34092525086,0925086,Esterri d'Àneu,ES513
34092525087,0925087,Esterri de Cardós,ES513
34092525088,0925088,Estamariu,ES513
34092525089,0925089,Farrera,ES513
34092525092,0925092,La Floresta,ES513
34092525093,0925093,Fondarella,ES513
34092525094,0925094,Foradada,ES513
34092525096,0925096,La Fuliola,ES513
34092525097,0925097,Fulleda,ES513
34092525098,0925098,Gavet de la Conca,ES513
34092525099,0925099,Golmés,ES513
34092525100,0925100,Gósol,ES513
34092525101,0925101,La Granadella,ES513
34092525102,0925102,La Granja d'Escarp,ES513
34092525103,0925103,Granyanella,ES513
34092525104,0925104,Granyena de Segarra,ES513
34092525105,0925105,Granyena de les Garrigues,ES513
34092525109,0925109,Guimerà,ES513
34092525110,0925110,Guissona,ES513
34092525111,0925111,Guixers,ES513
34092525112,0925112,Ivars de Noguera,ES513
34092525113,0925113,Ivars d'Urgell,ES513
34092525114,0925114,Ivorra,ES513
34092525115,0925115,Isona i Conca Dellà,ES513
34092525118,0925118,Juncosa,ES513
34092525119,0925119,Juneda,ES513
34092525120,0925120,Lleida,ES513
34092525121,0925121,Les,ES513
34092525122,0925122,Linyola,ES513
34092525123,0925123,Lladorre,ES513
34092525124,0925124,Lladurs,ES513
34164848058,1648058,Mallabia,ES213
34092525125,0925125,Llardecans,ES513
34092525126,0925126,Llavorsí,ES513
34092525127,0925127,Lles de Cerdanya,ES513
34092525128,0925128,Llimiana,ES513
34092525129,0925129,Llobera,ES513
34092525130,0925130,Maldà,ES513
34092525131,0925131,Massalcoreig,ES513
34092525132,0925132,Massoteres,ES513
34092525133,0925133,Maials,ES513
34092525134,0925134,Menàrguens,ES513
34092525135,0925135,Miralcamp,ES513
34092525136,0925136,La Molsosa,ES513
34092525137,0925137,Mollerussa,ES513
34092525138,0925138,Montgai,ES513
34092525139,0925139,Montellà i Martinet,ES513
34110606143,1106143,Valverde de Leganés,ES431
34092525140,0925140,Montferrer i Castellbò,ES513
34092525141,0925141,Montoliu de Segarra,ES513
34092525142,0925142,Montoliu de Lleida,ES513
34164848059,1648059,Mañaria,ES213
34164848060,1648060,Markina-Xemein,ES213
34092525143,0925143,Montornès de Segarra,ES513
34092525145,0925145,Nalec,ES513
34092525146,0925146,Navès,ES513
34092525148,0925148,Odèn,ES513
34092525149,0925149,Oliana,ES513
34092525150,0925150,Oliola,ES513
34092525151,0925151,Olius,ES513
34092525152,0925152,Les Oluges,ES513
34092525153,0925153,Els Omellons,ES513
34092525154,0925154,Els Omells de na Gaia,ES513
34092525155,0925155,Organyà,ES513
34092525156,0925156,Os de Balaguer,ES513
34164848061,1648061,Maruri-Jatabe,ES213
34164848062,1648062,Mendata,ES213
34092525157,0925157,Ossó de Sió,ES513
34092525158,0925158,El Palau d'Anglesola,ES513
34092525161,0925161,Conca de Dalt,ES513
34092525163,0925163,La Coma i la Pedra,ES513
34092525164,0925164,Penelles,ES513
34092525165,0925165,Peramola,ES513
34092525166,0925166,Pinell de Solsonès,ES513
34092525167,0925167,Pinós,ES513
34092525168,0925168,El Poal,ES513
34092525169,0925169,La Pobla de Cérvoles,ES513
34092525170,0925170,Bellaguarda,ES513
34092525171,0925171,La Pobla de Segur,ES513
34092525172,0925172,Ponts,ES513
34110606144,1106144,Valverde de Llerena,ES431
34092525173,0925173,El Pont de Suert,ES513
34092525174,0925174,La Portella,ES513
34092525175,0925175,Prats i Sansor,ES513
34092525176,0925176,Preixana,ES513
34092525177,0925177,Preixens,ES513
34092525179,0925179,Prullans,ES513
34092525180,0925180,Puiggròs,ES513
34110606145,1106145,Valverde de Mérida,ES431
34092525181,0925181,Puigverd d'Agramunt,ES513
34092525182,0925182,Puigverd de Lleida,ES513
34092525183,0925183,Rialp,ES513
34092525185,0925185,Ribera d'Urgellet,ES513
34092525186,0925186,Riner,ES513
34092525189,0925189,Rosselló,ES513
34092525190,0925190,Salàs de Pallars,ES513
34092525191,0925191,Sanaüja,ES513
34092525192,0925192,Sant Guim de Freixenet,ES513
34092525193,0925193,Sant Llorenç de Morunys,ES513
34092525194,0925194,Sant Ramon,ES513
34092525196,0925196,Sant Esteve de la Sarga,ES513
34092525197,0925197,Sant Guim de la Plana,ES513
34092525200,0925200,Sarroca de Lleida,ES513
34092525201,0925201,Sarroca de Bellera,ES513
34092525202,0925202,Senterada,ES513
34092525203,0925203,La Seu d'Urgell,ES513
34092525204,0925204,Seròs,ES513
34092525205,0925205,Sidamon,ES513
34092525206,0925206,El Soleràs,ES513
34092525207,0925207,Solsona,ES513
34092525208,0925208,Soriguera,ES513
34092525209,0925209,Sort,ES513
34092525210,0925210,Soses,ES513
34092525211,0925211,Sudanell,ES513
34092525212,0925212,Sunyer,ES513
34092525215,0925215,Talarn,ES513
34092525216,0925216,Talavera,ES513
34092525217,0925217,Tàrrega,ES513
34092525218,0925218,Tarrés,ES513
34092525219,0925219,Tarroja de Segarra,ES513
34092525220,0925220,Térmens,ES513
34092525221,0925221,Tírvia,ES513
34092525222,0925222,Tiurana,ES513
34092525223,0925223,Torà,ES513
34092525224,0925224,Els Torms,ES513
34092525225,0925225,Tornabous,ES513
34092525226,0925226,Torrebesses,ES513
34092525227,0925227,La Torre de Cabdella,ES513
34092525228,0925228,Torrefarrera,ES513
34092525230,0925230,Torregrossa,ES513
34092525231,0925231,Torrelameu,ES513
34092525232,0925232,Torres de Segre,ES513
34092525233,0925233,Torre-serona,ES513
34092525234,0925234,Tremp,ES513
34092525238,0925238,Vallbona de les Monges,ES513
34092525239,0925239,Les Valls de Valira,ES513
34092525240,0925240,Vallfogona de Balaguer,ES513
34092525242,0925242,Verdú,ES513
34092525243,0925243,Vielha e Mijaran,ES513
34092525244,0925244,Vilagrassa,ES513
34092525245,0925245,Vilaller,ES513
34092525247,0925247,Vilamòs,ES513
34092525248,0925248,Vilanova de Bellpuig,ES513
34092525249,0925249,Vilanova de l'Aguda,ES513
34092525250,0925250,Vilanova de Meià,ES513
34092525251,0925251,Vilanova de Segrià,ES513
34092525252,0925252,Vila-sana,ES513
34092525253,0925253,El Vilosell,ES513
34092525254,0925254,Vilanova de la Barca,ES513
34092525255,0925255,Vinaixa,ES513
34092525901,0925901,Vall de Cardós,ES513
34092525902,0925902,Sant Martí de Riucorb,ES513
34092525903,0925903,La Guingueta d'Àneu,ES513
34092525904,0925904,Castell de Mur,ES513
34092525905,0925905,Ribera d'Ondara,ES513
34092525906,0925906,Les Valls d'Aguilar,ES513
34092525907,0925907,Torrefeta i Florejacs,ES513
34092525908,0925908,Fígols i Alinyà,ES513
34092525909,0925909,La Vansa i Fórnols,ES513
34092525910,0925910,Josa i Tuixén,ES513
34092525911,0925911,Els Plans de Sió,ES513
34092525912,0925912,Gimenells i el Pla de la Font,ES513
34092525913,0925913,Riu de Cerdanya,ES513
34092553055,0953055,Comunidad de El Pont de Bar y Cava,ES513
34094343001,0943001,Aiguamúrcia,ES514
34094343002,0943002,Albinyana,ES514
34094343003,0943003,L'Albiol,ES514
34094343004,0943004,Alcanar,ES514
34094343005,0943005,Alcover,ES514
34094343006,0943006,Aldover,ES514
34094343007,0943007,L'Aleixar,ES514
34094343008,0943008,Alfara de Carles,ES514
34094343009,0943009,Alforja,ES514
34094343010,0943010,Alió,ES514
34094343011,0943011,Almoster,ES514
34094343012,0943012,Altafulla,ES514
34094343013,0943013,L'Ametlla de Mar,ES514
34094343014,0943014,Amposta,ES514
34094343015,0943015,Arbolí,ES514
34094343016,0943016,L'Arboç,ES514
34094343017,0943017,L'Argentera,ES514
34094343018,0943018,Arnes,ES514
34094343019,0943019,Ascó,ES514
34094343020,0943020,Banyeres del Penedès,ES514
34094343021,0943021,Barberà de la Conca,ES514
34094343022,0943022,Batea,ES514
34094343023,0943023,Bellmunt del Priorat,ES514
34094343024,0943024,Bellvei,ES514
34094343025,0943025,Benifallet,ES514
34094343026,0943026,Benissanet,ES514
34094343027,0943027,La Bisbal de Falset,ES514
34094343028,0943028,La Bisbal del Penedès,ES514
34094343029,0943029,Blancafort,ES514
34094343030,0943030,Bonastre,ES514
34094343031,0943031,Les Borges del Camp,ES514
34094343032,0943032,Bot,ES514
34094343033,0943033,Botarell,ES514
34094343034,0943034,Bràfim,ES514
34094343035,0943035,Cabacés,ES514
34094343036,0943036,Cabra del Camp,ES514
34094343037,0943037,Calafell,ES514
34094343038,0943038,Cambrils,ES514
34094343039,0943039,Capafonts,ES514
34094343040,0943040,Capçanes,ES514
34094343041,0943041,Caseres,ES514
34094343042,0943042,Castellvell del Camp,ES514
34094343043,0943043,El Catllar,ES514
34094343044,0943044,La Sénia,ES514
34094343045,0943045,Colldejou,ES514
34094343046,0943046,Conesa,ES514
34094343047,0943047,Constantí,ES514
34094343048,0943048,Corbera d'Ebre,ES514
34094343049,0943049,Cornudella de Montsant,ES514
34094343050,0943050,Creixell,ES514
34094343051,0943051,Cunit,ES514
34094343052,0943052,Xerta,ES514
34094343053,0943053,Duesaigües,ES514
34094343054,0943054,L'Espluga de Francolí,ES514
34094343055,0943055,Falset,ES514
34094343056,0943056,La Fatarella,ES514
34094343057,0943057,La Febró,ES514
34094343058,0943058,La Figuera,ES514
34094343059,0943059,Figuerola del Camp,ES514
34094343060,0943060,Flix,ES514
34094343061,0943061,Forès,ES514
34094343062,0943062,Freginals,ES514
34094343063,0943063,La Galera,ES514
34094343064,0943064,Gandesa,ES514
34094343065,0943065,Garcia,ES514
34094343066,0943066,Els Garidells,ES514
34094343067,0943067,Ginestar,ES514
34094343068,0943068,Godall,ES514
34094343069,0943069,Gratallops,ES514
34094343070,0943070,Els Guiamets,ES514
34094343071,0943071,Horta de Sant Joan,ES514
34094343072,0943072,El Lloar,ES514
34094343073,0943073,Llorac,ES514
34094343074,0943074,Llorenç del Penedès,ES514
34094343075,0943075,Margalef,ES514
34094343076,0943076,Marçà,ES514
34094343077,0943077,Mas de Barberans,ES514
34121515088,1215088,Val do Dubra,ES111
34111010170,1110170,Santiago del Campo,ES432
34111010171,1110171,Santibáñez el Alto,ES432
34111010046,1110046,Carbajo,ES432
34111010047,1110047,Carcaboso,ES432
34111010048,1110048,Carrascalejo,ES432
34111010049,1110049,Casar de Cáceres,ES432
34094343078,0943078,Masdenverge,ES514
34094343079,0943079,Masllorenç,ES514
34094343080,0943080,La Masó,ES514
34094343081,0943081,Maspujols,ES514
34094343082,0943082,El Masroig,ES514
34094343083,0943083,El Milà,ES514
34094343084,0943084,Miravet,ES514
34094343085,0943085,El Molar,ES514
34094343086,0943086,Montblanc,ES514
34094343088,0943088,Montbrió del Camp,ES514
34094343089,0943089,Montferri,ES514
34094343090,0943090,El Montmell,ES514
34094343091,0943091,Mont-ral,ES514
34094343092,0943092,Mont-roig del Camp,ES514
34094343093,0943093,Móra d'Ebre,ES514
34094343094,0943094,Móra la Nova,ES514
34094343095,0943095,El Morell,ES514
34094343096,0943096,La Morera de Montsant,ES514
34094343097,0943097,La Nou de Gaià,ES514
34111010052,1110052,Casas de Don Antonio,ES432
34094343098,0943098,Nulles,ES514
34094343099,0943099,La Palma d'Ebre,ES514
34094343100,0943100,Els Pallaresos,ES514
34094343101,0943101,Passanant i Belltall,ES514
34094343102,0943102,Paüls,ES514
34094343103,0943103,Perafort,ES514
34094343104,0943104,El Perelló,ES514
34094343105,0943105,Les Piles,ES514
34094343106,0943106,El Pinell de Brai,ES514
34094343107,0943107,Pira,ES514
34094343108,0943108,El Pla de Santa Maria,ES514
34094343109,0943109,La Pobla de Mafumet,ES514
34094343110,0943110,La Pobla de Massaluca,ES514
34094343111,0943111,La Pobla de Montornès,ES514
34094343112,0943112,Poboleda,ES514
34111010053,1110053,Casas de Don Gómez,ES432
34094343113,0943113,El Pont d'Armentera,ES514
34094343114,0943114,Porrera,ES514
34094343115,0943115,Pradell de la Teixeta,ES514
34094343116,0943116,Prades,ES514
34094343117,0943117,Prat de Comte,ES514
34094343118,0943118,Pratdip,ES514
34094343119,0943119,Puigpelat,ES514
34094343120,0943120,Querol,ES514
34094343121,0943121,Rasquera,ES514
34094343122,0943122,Renau,ES514
34094343123,0943123,Reus,ES514
34094343124,0943124,La Riba,ES514
34094343125,0943125,Riba-roja d'Ebre,ES514
34094343126,0943126,La Riera de Gaià,ES514
34094343127,0943127,Riudecanyes,ES514
34094343128,0943128,Riudecols,ES514
34094343129,0943129,Riudoms,ES514
34094343130,0943130,Rocafort de Queralt,ES514
34094343131,0943131,Roda de Berà,ES514
34094343132,0943132,Rodonyà,ES514
34094343133,0943133,Roquetes,ES514
34094343134,0943134,El Rourell,ES514
34094343135,0943135,Salomó,ES514
34094343136,0943136,La Ràpita,ES514
34094343137,0943137,Sant Jaume dels Domenys,ES514
34094343138,0943138,Santa Bàrbara,ES514
34094343139,0943139,Santa Coloma de Queralt,ES514
34094343140,0943140,Santa Oliva,ES514
34094343141,0943141,Pontils,ES514
34094343142,0943142,Sarral,ES514
34111010054,1110054,Casas del Castañar,ES432
34094343143,0943143,Savallà del Comtat,ES514
34094343144,0943144,La Secuita,ES514
34094343145,0943145,La Selva del Camp,ES514
34094343146,0943146,Senan,ES514
34094343147,0943147,Solivella,ES514
34094343148,0943148,Tarragona,ES514
34094343149,0943149,Tivenys,ES514
34094343150,0943150,Tivissa,ES514
34094343151,0943151,La Torre de Fontaubella,ES514
34094343152,0943152,La Torre de l'Espanyol,ES514
34111010055,1110055,Casas del Monte,ES432
34111010056,1110056,Casas de Millán,ES432
34111010057,1110057,Casas de Miravete,ES432
34094343153,0943153,Torredembarra,ES514
34094343154,0943154,Torroja del Priorat,ES514
34094343155,0943155,Tortosa,ES514
34094343156,0943156,Ulldecona,ES514
34094343157,0943157,Ulldemolins,ES514
34094343158,0943158,Vallclara,ES514
34111010172,1110172,Santibáñez el Bajo,ES432
34094343159,0943159,Vallfogona de Riucorb,ES514
34094343160,0943160,Vallmoll,ES514
34094343161,0943161,Valls,ES514
34094343162,0943162,Vandellòs i l'Hospitalet de l'Infant,ES514
34094343163,0943163,El Vendrell,ES514
34094343164,0943164,Vespella de Gaià,ES514
34094343165,0943165,Vilabella,ES514
34094343166,0943166,Vilallonga del Camp,ES514
34094343167,0943167,Vilanova d'Escornalbou,ES514
34094343168,0943168,Vilanova de Prades,ES514
34094343169,0943169,Vilaplana,ES514
34094343170,0943170,Vila-rodona,ES514
34094343171,0943171,Vila-seca,ES514
34094343172,0943172,Vilaverd,ES514
34094343173,0943173,La Vilella Alta,ES514
34111010058,1110058,Casatejada,ES432
34094343174,0943174,La Vilella Baixa,ES514
34094343175,0943175,Vilalba dels Arcs,ES514
34094343176,0943176,Vimbodí i Poblet,ES514
34094343177,0943177,Vinebre,ES514
34094343178,0943178,Vinyols i els Arcs,ES514
34094343901,0943901,Deltebre,ES514
34094343902,0943902,Sant Jaume d'Enveja,ES514
34094343903,0943903,Camarles,ES514
34111010177,1110177,Sierra de Fuentes,ES432
34094343904,0943904,L'Aldea,ES514
34094343905,0943905,Salou,ES514
34094343906,0943906,L'Ampolla,ES514
34094343907,0943907,La Canonja,ES514
34100303001,1003001,l'Atzúbia,ES521
34100303002,1003002,Agost,ES521
34100303003,1003003,Agres,ES521
34100303004,1003004,Aigües,ES521
34111010179,1110179,Talaveruela de la Vera,ES432
34111010180,1110180,Talayuela,ES432
34100303005,1003005,Albatera,ES521
34100303006,1003006,Alcalalí,ES521
34100303007,1003007,Alcosser,ES521
34100303008,1003008,Alcoleja,ES521
34100303009,1003009,Alcoi/Alcoy,ES521
34100303010,1003010,Alfafara,ES521
34100303011,1003011,l'Alfàs del Pi,ES521
34100303012,1003012,Algorfa,ES521
34100303013,1003013,Algueña,ES521
34100303014,1003014,Alacant/Alicante,ES521
34100303014,1003014,Alicante/Alacant,ES521
34100303015,1003015,Almoradí,ES521
34100303016,1003016,Almudaina,ES521
34100303017,1003017,l'Alqueria d'Asnar,ES521
34100303018,1003018,Altea,ES521
34100303019,1003019,Aspe,ES521
34100303020,1003020,Balones,ES521
34100303021,1003021,Banyeres de Mariola,ES521
34100303022,1003022,Benasau,ES521
34100303023,1003023,Beneixama,ES521
34100303024,1003024,Benejúzar,ES521
34100303025,1003025,Benferri,ES521
34100303026,1003026,Beniarbeig,ES521
34100303027,1003027,Beniardà,ES521
34100303028,1003028,Beniarrés,ES521
34100303029,1003029,Benigembla,ES521
34100303030,1003030,Benidoleig,ES521
34100303031,1003031,Benidorm,ES521
34100303032,1003032,Benifallim,ES521
34100303033,1003033,Benifato,ES521
34100303034,1003034,Benijófar,ES521
34100303035,1003035,Benilloba,ES521
34100303036,1003036,Benillup,ES521
34100303037,1003037,Benimantell,ES521
34100303038,1003038,Benimarfull,ES521
34100303039,1003039,Benimassot,ES521
34100303040,1003040,Benimeli,ES521
34100303041,1003041,Benissa,ES521
34100303042,1003042,el Poble Nou de Benitatxell/Benitachell,ES521
34100303043,1003043,Biar,ES521
34100303044,1003044,Bigastro,ES521
34100303045,1003045,Bolulla,ES521
34100303046,1003046,Busot,ES521
34100303047,1003047,Calp,ES521
34100303048,1003048,Callosa d'en Sarrià,ES521
34100303049,1003049,Callosa de Segura,ES521
34100303050,1003050,el Campello,ES521
34100303051,1003051,el Camp de Mirra/Campo de Mirra,ES521
34100303052,1003052,Cañada,ES521
34100303053,1003053,Castalla,ES521
34100303054,1003054,Castell de Castells,ES521
34100303055,1003055,Catral,ES521
34100303056,1003056,Cocentaina,ES521
34100303057,1003057,Confrides,ES521
34100303058,1003058,Cox,ES521
34100303059,1003059,Crevillent,ES521
34100303060,1003060,Quatretondeta,ES521
34100303061,1003061,Daya Nueva,ES521
34100303062,1003062,Daya Vieja,ES521
34100303063,1003063,Dénia,ES521
34100303064,1003064,Dolores,ES521
34100303065,1003065,Elx/Elche,ES521
34100303066,1003066,Elda,ES521
34100303067,1003067,Fageca,ES521
34100303068,1003068,Famorca,ES521
34100303069,1003069,Finestrat,ES521
34100303070,1003070,Formentera del Segura,ES521
34100303071,1003071,Gata de Gorgos,ES521
34100303072,1003072,Gaianes,ES521
34100303073,1003073,Gorga,ES521
34100303074,1003074,Granja de Rocamora,ES521
34153131013,1531013,Améscoa Baja,ES220
34100303075,1003075,el Castell de Guadalest,ES521
34100303076,1003076,Guardamar del Segura,ES521
34153131014,1531014,Ancín/Antzin,ES220
34100303077,1003077,el Fondó de les Neus/Hondón de las Nieves,ES521
34100303078,1003078,Hondón de los Frailes,ES521
34100303079,1003079,Ibi,ES521
34100303080,1003080,Jacarilla,ES521
34100303081,1003081,Xaló,ES521
34100303082,1003082,Xàbia/Jávea,ES521
34100303083,1003083,Xixona/Jijona,ES521
34100303084,1003084,l'Orxa/Lorcha,ES521
34100303085,1003085,Llíber,ES521
34100303086,1003086,Millena,ES521
34100303088,1003088,Monforte del Cid,ES521
34100303089,1003089,Monòver/Monóvar,ES521
34100303090,1003090,Mutxamel,ES521
34100303091,1003091,Murla,ES521
34100303092,1003092,Muro de Alcoy,ES521
34100303093,1003093,Novelda,ES521
34100303094,1003094,la Nucia,ES521
34100303095,1003095,Ondara,ES521
34100303096,1003096,Onil,ES521
34100303097,1003097,Orba,ES521
34100303098,1003098,Orxeta,ES521
34100303099,1003099,Orihuela,ES521
34100303100,1003100,Parcent,ES521
34100303101,1003101,Pedreguer,ES521
34100303102,1003102,Pego,ES521
34100303103,1003103,Penàguila,ES521
34100303104,1003104,Petrer,ES521
34100303105,1003105,el Pinós/Pinoso,ES521
34100303106,1003106,Planes,ES521
34100303107,1003107,Polop,ES521
34100303109,1003109,Rafal,ES521
34100303110,1003110,el Ràfol d'Almúnia,ES521
34100303111,1003111,Redován,ES521
34100303112,1003112,Relleu,ES521
34100303113,1003113,Rojales,ES521
34100303114,1003114,la Romana,ES521
34100303115,1003115,Sagra,ES521
34100303116,1003116,Salinas,ES521
34100303117,1003117,Sanet y Negrals,ES521
34100303118,1003118,San Fulgencio,ES521
34100303119,1003119,Sant Joan d'Alacant,ES521
34100303120,1003120,San Miguel de Salinas,ES521
34100303121,1003121,Santa Pola,ES521
34100303122,1003122,Sant Vicent del Raspeig/San Vicente del Raspeig,ES521
34100303123,1003123,Sax,ES521
34100303124,1003124,Sella,ES521
34100303125,1003125,Senija,ES521
34100303127,1003127,Tàrbena,ES521
34100303128,1003128,Teulada,ES521
34100303129,1003129,Tibi,ES521
34100303130,1003130,Tollos,ES521
34100303131,1003131,Tormos,ES521
34100303132,1003132,la Torre de les Maçanes/Torremanzanas,ES521
34100303133,1003133,Torrevieja,ES521
34100303134,1003134,la Vall d'Alcalà,ES521
34100303135,1003135,la Vall d'Ebo,ES521
34100303136,1003136,la Vall de Gallinera,ES521
34100303137,1003137,la Vall de Laguar,ES521
34100303138,1003138,el Verger,ES521
34100303139,1003139,la Vila Joiosa/Villajoyosa,ES521
34100303140,1003140,Villena,ES521
34100303901,1003901,els Poblets,ES521
34100303902,1003902,Pilar de la Horadada,ES521
34100303903,1003903,Los Montesinos,ES521
34100303904,1003904,San Isidro,ES521
34153131018,1531018,Añorbe,ES220
34101212001,1012001,Atzeneta del Maestrat,ES522
34101212002,1012002,Aín,ES522
34101212003,1012003,Albocàsser,ES522
34101212004,1012004,Alcalà de Xivert,ES522
34101212005,1012005,l'Alcora,ES522
34153131019,1531019,Aoiz/Agoitz,ES220
34101212006,1012006,Alcudia de Veo,ES522
34101212007,1012007,Alfondeguilla,ES522
34101212008,1012008,Algimia de Almonacid,ES522
34101212009,1012009,Almassora,ES522
34101212010,1012010,Almedíjar,ES522
34101212011,1012011,Almenara,ES522
34101212012,1012012,Altura,ES522
34101212013,1012013,Arañuel,ES522
34101212014,1012014,Ares del Maestrat,ES522
34101212015,1012015,Argelita,ES522
34101212016,1012016,Artana,ES522
34101212017,1012017,Ayódar,ES522
34101212018,1012018,Azuébar,ES522
34101212020,1012020,Barracas,ES522
34101212021,1012021,Betxí,ES522
34101212022,1012022,Bejís,ES522
34101212024,1012024,Benafer,ES522
34153131020,1531020,Araitz,ES220
34153131021,1531021,Aranarache/Aranaratxe,ES220
34111010059,1110059,Casillas de Coria,ES432
34111010060,1110060,Castañar de Ibor,ES432
34101212025,1012025,Benafigos,ES522
34101212026,1012026,Benassal,ES522
34101212027,1012027,Benicarló,ES522
34101212028,1012028,Benicàssim/Benicasim,ES522
34101212029,1012029,Benlloc,ES522
34101212031,1012031,Borriol,ES522
34101212032,1012032,Borriana/Burriana,ES522
34101212033,1012033,Cabanes,ES522
34153131022,1531022,Arantza,ES220
34101212034,1012034,Càlig,ES522
34101212036,1012036,Canet lo Roig,ES522
34101212037,1012037,Castell de Cabres,ES522
34111010063,1110063,Cerezo,ES432
34111010064,1110064,Cilleros,ES432
34101212038,1012038,Castellfort,ES522
34101212039,1012039,Castellnovo,ES522
34101212040,1012040,Castelló de la Plana,ES522
34111010065,1110065,Collado de la Vera,ES432
34101212041,1012041,Castillo de Villamalefa,ES522
34101212042,1012042,Catí,ES522
34101212043,1012043,Caudiel,ES522
34101212044,1012044,Cervera del Maestre,ES522
34101212045,1012045,Cinctorres,ES522
34101212046,1012046,Cirat,ES522
34101212048,1012048,Cortes de Arenoso,ES522
34101212049,1012049,Costur,ES522
34111010071,1110071,Descargamaría,ES432
34101212050,1012050,les Coves de Vinromà,ES522
34101212051,1012051,Culla,ES522
34101212052,1012052,Xert,ES522
34101212053,1012053,Chilches/Xilxes,ES522
34101212055,1012055,Xodos/Chodos,ES522
34101212056,1012056,Chóvar,ES522
34101212057,1012057,Eslida,ES522
34101212058,1012058,Espadilla,ES522
34101212059,1012059,Fanzara,ES522
34101212060,1012060,Figueroles,ES522
34101212061,1012061,Forcall,ES522
34101212063,1012063,Fuente la Reina,ES522
34101212064,1012064,Fuentes de Ayódar,ES522
34101212065,1012065,Gaibiel,ES522
34101212067,1012067,Geldo,ES522
34101212068,1012068,Herbers,ES522
34101212069,1012069,Higueras,ES522
34101212070,1012070,la Jana,ES522
34101212071,1012071,Jérica,ES522
34101212072,1012072,Llucena/Lucena del Cid,ES522
34101212073,1012073,Ludiente,ES522
34101212074,1012074,la Llosa,ES522
34101212075,1012075,la Mata de Morella,ES522
34101212076,1012076,Matet,ES522
34101212077,1012077,Moncofa,ES522
34101212078,1012078,Montán,ES522
34101212079,1012079,Montanejos,ES522
34101212080,1012080,Morella,ES522
34101212081,1012081,Navajas,ES522
34101212082,1012082,Nules,ES522
34111010072,1110072,Eljas,ES432
34101212083,1012083,Olocau del Rey,ES522
34101212084,1012084,Onda,ES522
34101212085,1012085,Orpesa/Oropesa del Mar,ES522
34101212087,1012087,Palanques,ES522
34101212088,1012088,Pavías,ES522
34101212089,1012089,Peníscola/Peñíscola,ES522
34101212090,1012090,Pina de Montalgrao,ES522
34101212091,1012091,Portell de Morella,ES522
34101212092,1012092,Puebla de Arenoso,ES522
34111010073,1110073,Escurial,ES432
34101212093,1012093,la Pobla de Benifassà,ES522
34111010075,1110075,Fresnedoso de Ibor,ES432
34111010076,1110076,Galisteo,ES432
34111010077,1110077,Garciaz,ES432
34101212094,1012094,la Pobla Tornesa,ES522
34101212095,1012095,Ribesalbes,ES522
34111010078,1110078,La Garganta,ES432
34111010079,1110079,Garganta la Olla,ES432
34101212096,1012096,Rossell,ES522
34101212097,1012097,Sacañet,ES522
34111010080,1110080,Gargantilla,ES432
34101212098,1012098,la Salzadella,ES522
34101212099,1012099,Sant Jordi/San Jorge,ES522
34101212100,1012100,Sant Mateu,ES522
34101212101,1012101,San Rafael del Río,ES522
34101212102,1012102,Santa Magdalena de Pulpis,ES522
34101212103,1012103,la Serratella,ES522
34101212104,1012104,Segorbe,ES522
34111010083,1110083,Garvín,ES432
34101212105,1012105,Sierra Engarcerán,ES522
34101212106,1012106,Soneja,ES522
34101212107,1012107,Sot de Ferrer,ES522
34101212108,1012108,Sueras/Suera,ES522
34101212109,1012109,Tales,ES522
34101212110,1012110,Teresa,ES522
34101212111,1012111,Tírig,ES522
34101212112,1012112,Todolella,ES522
34101212113,1012113,Toga,ES522
34101212114,1012114,Torás,ES522
34111010087,1110087,Guadalupe,ES432
34111010088,1110088,Guijo de Coria,ES432
34101212115,1012115,El Toro,ES522
34101212116,1012116,Torralba del Pinar,ES522
34111010183,1110183,Tornavacas,ES432
34101212117,1012117,Torreblanca,ES522
34101212118,1012118,Torrechiva,ES522
34101212119,1012119,la Torre d'En Besora,ES522
34101212120,1012120,la Torre d'en Doménec,ES522
34101212121,1012121,Traiguera,ES522
34111010184,1110184,El Torno,ES432
34101212122,1012122,les Useres/Useras,ES522
34101212123,1012123,Vallat,ES522
34101212124,1012124,Vall d'Alba,ES522
34101212125,1012125,Vall de Almonacid,ES522
34101212126,1012126,la Vall d'Uixó,ES522
34101212127,1012127,Vallibona,ES522
34101212128,1012128,Vilafamés,ES522
34101212129,1012129,Vilafranca/Villafranca del Cid,ES522
34101212130,1012130,Villahermosa del Río,ES522
34101212131,1012131,Villamalur,ES522
34111010185,1110185,Torrecilla de los Ángeles,ES432
34111010186,1110186,Torrecillas de la Tiesa,ES432
34101212132,1012132,Vilanova d'Alcolea,ES522
34101212133,1012133,Villanueva de Viver,ES522
34101212134,1012134,Vilar de Canes,ES522
34111010187,1110187,Torre de Don Miguel,ES432
34101212135,1012135,Vila-real,ES522
34101212136,1012136,la Vilavella,ES522
34101212137,1012137,Villores,ES522
34101212138,1012138,Vinaròs,ES522
34101212139,1012139,Vistabella del Maestrat,ES522
34111010188,1110188,Torre de Santa María,ES432
34101212140,1012140,Viver,ES522
34111010191,1110191,Torremenga,ES432
34101212141,1012141,Zorita del Maestrazgo,ES522
34101212142,1012142,Zucaina,ES522
34101212901,1012901,les Alqueries/Alquerías del Niño Perdido,ES522
34101212902,1012902,Sant Joan de Moró,ES522
34104646001,1046001,Ademuz,ES523
34104646002,1046002,Ador,ES523
34104646003,1046003,Atzeneta d'Albaida,ES523
34104646004,1046004,Agullent,ES523
34104646005,1046005,Alaquàs,ES523
34104646006,1046006,Albaida,ES523
34104646007,1046007,Albal,ES523
34104646008,1046008,Albalat de la Ribera,ES523
34104646009,1046009,Albalat dels Sorells,ES523
34104646010,1046010,Albalat dels Tarongers,ES523
34104646011,1046011,Alberic,ES523
34104646012,1046012,Alborache,ES523
34104646013,1046013,Alboraia/Alboraya,ES523
34104646014,1046014,Albuixech,ES523
34104646015,1046015,Alcàsser,ES523
34104646016,1046016,Alcàntera de Xúquer,ES523
34104646017,1046017,Alzira,ES523
34104646018,1046018,Alcublas,ES523
34104646019,1046019,l'Alcúdia,ES523
34104646020,1046020,l'Alcúdia de Crespins,ES523
34104646021,1046021,Aldaia,ES523
34104646022,1046022,Alfafar,ES523
34104646023,1046023,Alfauir,ES523
34104646024,1046024,Alfara de la Baronia,ES523
34104646025,1046025,Alfara del Patriarca,ES523
34104646026,1046026,Alfarp,ES523
34104646027,1046027,Alfarrasí,ES523
34104646028,1046028,Algar de Palancia,ES523
34104646029,1046029,Algemesí,ES523
34104646030,1046030,Algímia d'Alfara,ES523
34104646031,1046031,Alginet,ES523
34104646032,1046032,Almàssera,ES523
34104646033,1046033,Almiserà,ES523
34104646034,1046034,Almoines,ES523
34104646035,1046035,Almussafes,ES523
34104646036,1046036,Alpuente,ES523
34104646037,1046037,l'Alqueria de la Comtessa,ES523
34111010192,1110192,Torremocha,ES432
34104646038,1046038,Andilla,ES523
34104646039,1046039,Anna,ES523
34104646040,1046040,Antella,ES523
34104646041,1046041,Aras de los Olmos,ES523
34104646042,1046042,Aielo de Malferit,ES523
34104646043,1046043,Aielo de Rugat,ES523
34104646044,1046044,Ayora,ES523
34104646045,1046045,Barxeta,ES523
34104646046,1046046,Barx,ES523
34104646047,1046047,Bèlgida,ES523
34104646048,1046048,Bellreguard,ES523
34104646049,1046049,Bellús,ES523
34104646050,1046050,Benagéber,ES523
34104646051,1046051,Benaguasil,ES523
34104646052,1046052,Benavites,ES523
34104646053,1046053,Beneixida,ES523
34104646054,1046054,Benetússer,ES523
34104646055,1046055,Beniarjó,ES523
34104646056,1046056,Beniatjar,ES523
34104646057,1046057,Benicolet,ES523
34104646058,1046058,Benifairó de les Valls,ES523
34104646059,1046059,Benifairó de la Valldigna,ES523
34104646060,1046060,Benifaió,ES523
34104646061,1046061,Beniflá,ES523
34104646062,1046062,Benigànim,ES523
34104646063,1046063,Benimodo,ES523
34104646064,1046064,Benimuslem,ES523
34104646065,1046065,Beniparrell,ES523
34104646066,1046066,Benirredrà,ES523
34104646067,1046067,Benissanó,ES523
34104646068,1046068,Benissoda,ES523
34104646069,1046069,Benissuera,ES523
34104646070,1046070,Bétera,ES523
34104646071,1046071,Bicorp,ES523
34104646072,1046072,Bocairent,ES523
34104646073,1046073,Bolbaite,ES523
34104646074,1046074,Bonrepòs i Mirambell,ES523
34104646075,1046075,Bufali,ES523
34104646076,1046076,Bugarra,ES523
34104646077,1046077,Buñol,ES523
34104646078,1046078,Burjassot,ES523
34104646079,1046079,Calles,ES523
34104646080,1046080,Camporrobles,ES523
34111010089,1110089,Guijo de Galisteo,ES432
34111010090,1110090,Guijo de Granadilla,ES432
34111010091,1110091,Guijo de Santa Bárbara,ES432
34104646081,1046081,Canals,ES523
34104646082,1046082,Canet d'En Berenguer,ES523
34104646083,1046083,Carcaixent,ES523
34104646084,1046084,Càrcer,ES523
34104646085,1046085,Carlet,ES523
34104646086,1046086,Carrícola,ES523
34104646087,1046087,Casas Altas,ES523
34104646088,1046088,Casas Bajas,ES523
34104646089,1046089,Casinos,ES523
34104646090,1046090,Castelló de Rugat,ES523
34104646091,1046091,Castellonet de la Conquesta,ES523
34153131023,1531023,Aranguren,ES220
34104646092,1046092,Castielfabib,ES523
34104646093,1046093,Catadau,ES523
34104646094,1046094,Catarroja,ES523
34104646095,1046095,Caudete de las Fuentes,ES523
34104646096,1046096,Cerdà,ES523
34104646097,1046097,Cofrentes,ES523
34104646098,1046098,Corbera,ES523
34104646099,1046099,Cortes de Pallás,ES523
34104646100,1046100,Cotes,ES523
34104646101,1046101,Quart de les Valls,ES523
34104646102,1046102,Quart de Poblet,ES523
34104646103,1046103,Quartell,ES523
34104646104,1046104,Quatretonda,ES523
34104646105,1046105,Cullera,ES523
34104646106,1046106,Chelva,ES523
34104646107,1046107,Chella,ES523
34104646108,1046108,Chera,ES523
34104646109,1046109,Cheste,ES523
34104646110,1046110,Xirivella,ES523
34104646111,1046111,Chiva,ES523
34104646112,1046112,Chulilla,ES523
34104646113,1046113,Daimús,ES523
34104646114,1046114,Domeño,ES523
34104646115,1046115,Dos Aguas,ES523
34104646116,1046116,l'Eliana,ES523
34104646117,1046117,Emperador,ES523
34110606146,1106146,Valle de la Serena,ES431
34110606147,1106147,Valle de Matamoros,ES431
34110606148,1106148,Valle de Santa Ana,ES431
34104646118,1046118,Enguera,ES523
34104646119,1046119,l'Énova,ES523
34104646120,1046120,Estivella,ES523
34104646121,1046121,Estubeny,ES523
34104646122,1046122,Faura,ES523
34104646123,1046123,Favara,ES523
34153131027,1531027,Arbizu,ES220
34153131028,1531028,Arce/Artzi,ES220
34104646124,1046124,Fontanars dels Alforins,ES523
34104646125,1046125,Fortaleny,ES523
34104646126,1046126,Foios,ES523
34104646127,1046127,la Font d'en Carròs,ES523
34104646128,1046128,la Font de la Figuera,ES523
34104646129,1046129,Fuenterrobles,ES523
34104646130,1046130,Gavarda,ES523
34104646131,1046131,Gandia,ES523
34104646132,1046132,el Genovés,ES523
34104646133,1046133,Gestalgar,ES523
34104646134,1046134,Gilet,ES523
34104646135,1046135,Godella,ES523
34104646136,1046136,Godelleta,ES523
34104646137,1046137,la Granja de la Costera,ES523
34104646138,1046138,Guadasséquies,ES523
34104646139,1046139,Guadassuar,ES523
34104646140,1046140,Guardamar de la Safor,ES523
34104646141,1046141,Higueruelas,ES523
34104646142,1046142,Jalance,ES523
34104646143,1046143,Xeraco,ES523
34104646144,1046144,Jarafuel,ES523
34104646145,1046145,Xàtiva,ES523
34104646146,1046146,Xeresa,ES523
34104646147,1046147,Llíria,ES523
34110606149,1106149,Villafranca de los Barros,ES431
34104646148,1046148,Loriguilla,ES523
34104646149,1046149,Losa del Obispo,ES523
34104646150,1046150,Llutxent,ES523
34104646151,1046151,Llocnou d'En Fenollet,ES523
34104646152,1046152,Llocnou de la Corona,ES523
34104646153,1046153,Llocnou de Sant Jeroni,ES523
34110606150,1106150,Villagarcía de la Torre,ES431
34104646154,1046154,Llanera de Ranes,ES523
34104646155,1046155,Llaurí,ES523
34104646156,1046156,Llombai,ES523
34104646157,1046157,la Llosa de Ranes,ES523
34104646158,1046158,Macastre,ES523
34104646159,1046159,Manises,ES523
34104646160,1046160,Manuel,ES523
34104646161,1046161,Marines,ES523
34104646162,1046162,Massalavés,ES523
34104646163,1046163,Massalfassar,ES523
34104646164,1046164,Massamagrell,ES523
34104646165,1046165,Massanassa,ES523
34104646166,1046166,Meliana,ES523
34110606151,1106151,Villagonzalo,ES431
34104646167,1046167,Millares,ES523
34104646168,1046168,Miramar,ES523
34104646169,1046169,Mislata,ES523
34104646170,1046170,Moixent/Mogente,ES523
34104646171,1046171,Moncada,ES523
34104646172,1046172,Montserrat,ES523
34104646173,1046173,Montaverner,ES523
34104646174,1046174,Montesa,ES523
34104646175,1046175,Montitxelvo/Montichelvo,ES523
34104646176,1046176,Montroi/Montroy,ES523
34104646177,1046177,Museros,ES523
34104646178,1046178,Nàquera/Náquera,ES523
34104646179,1046179,Navarrés,ES523
34104646180,1046180,Novelé/Novetlè,ES523
34104646180,1046180,Novetlè/Novelé,ES523
34104646181,1046181,Oliva,ES523
34111010092,1110092,Herguijuela,ES432
34104646182,1046182,Olocau,ES523
34104646183,1046183,l'Olleria,ES523
34111010093,1110093,Hernán-Pérez,ES432
34111010094,1110094,Herrera de Alcántara,ES432
34104646184,1046184,Ontinyent,ES523
34104646185,1046185,Otos,ES523
34104646186,1046186,Paiporta,ES523
34104646187,1046187,Palma de Gandía,ES523
34104646188,1046188,Palmera,ES523
34104646189,1046189,el Palomar,ES523
34111010096,1110096,Hervás,ES432
34111010097,1110097,Higuera de Albalat,ES432
34104646190,1046190,Paterna,ES523
34104646191,1046191,Pedralba,ES523
34104646192,1046192,Petrés,ES523
34104646193,1046193,Picanya,ES523
34104646194,1046194,Picassent,ES523
34104646195,1046195,Piles,ES523
34104646196,1046196,Pinet,ES523
34104646197,1046197,Polinyà de Xúquer,ES523
34104646198,1046198,Potries,ES523
34104646199,1046199,la Pobla de Farnals,ES523
34104646200,1046200,la Pobla del Duc,ES523
34110606152,1106152,Villalba de los Barros,ES431
34104646201,1046201,Puebla de San Miguel,ES523
34104646202,1046202,la Pobla de Vallbona,ES523
34104646203,1046203,la Pobla Llarga,ES523
34153131029,1531029,Los Arcos,ES220
34104646204,1046204,el Puig de Santa Maria,ES523
34153131030,1531030,Arellano,ES220
34104646205,1046205,Puçol,ES523
34104646206,1046206,Quesa,ES523
34104646207,1046207,Rafelbunyol,ES523
34104646208,1046208,Rafelcofer,ES523
34153131031,1531031,Areso,ES220
34104646209,1046209,Rafelguaraf,ES523
34104646210,1046210,Ráfol de Salem,ES523
34104646211,1046211,el Real de Gandia,ES523
34104646212,1046212,Real,ES523
34104646213,1046213,Requena,ES523
34104646214,1046214,Riba-roja de Túria,ES523
34104646215,1046215,Riola,ES523
34104646216,1046216,Rocafort,ES523
34111010098,1110098,Hinojal,ES432
34104646217,1046217,Rotglà i Corberà,ES523
34104646218,1046218,Ròtova,ES523
34104646219,1046219,Rugat,ES523
34104646220,1046220,Sagunt/Sagunto,ES523
34104646221,1046221,Salem,ES523
34104646222,1046222,Sant Joanet,ES523
34104646223,1046223,Sedaví,ES523
34104646224,1046224,Segart,ES523
34104646225,1046225,Sellent,ES523
34104646226,1046226,Sempere,ES523
34104646227,1046227,Senyera,ES523
34104646228,1046228,Serra,ES523
34104646229,1046229,Siete Aguas,ES523
34104646230,1046230,Silla,ES523
34104646231,1046231,Simat de la Valldigna,ES523
34104646232,1046232,Sinarcas,ES523
34104646233,1046233,Sollana,ES523
34104646234,1046234,Sot de Chera,ES523
34104646235,1046235,Sueca,ES523
34104646236,1046236,Sumacàrcer,ES523
34104646237,1046237,Tavernes Blanques,ES523
34104646238,1046238,Tavernes de la Valldigna,ES523
34111010099,1110099,Holguera,ES432
34104646239,1046239,Teresa de Cofrentes,ES523
34104646240,1046240,Terrateig,ES523
34104646241,1046241,Titaguas,ES523
34104646242,1046242,Torrebaja,ES523
34104646243,1046243,Torrella,ES523
34104646244,1046244,Torrent,ES523
34104646245,1046245,Torres Torres,ES523
34104646246,1046246,Tous,ES523
34104646247,1046247,Tuéjar,ES523
34104646248,1046248,Turís,ES523
34111010100,1110100,Hoyos,ES432
34110606153,1106153,Villanueva de la Serena,ES431
34110606154,1106154,Villanueva del Fresno,ES431
34104646249,1046249,Utiel,ES523
34104646250,1046250,València,ES523
34104646251,1046251,Vallada,ES523
34104646252,1046252,Vallanca,ES523
34104646253,1046253,Vallés,ES523
34104646254,1046254,Venta del Moro,ES523
34104646255,1046255,Vilallonga/Villalonga,ES523
34104646256,1046256,Vilamarxant,ES523
34111010101,1110101,Huélaga,ES432
34104646257,1046257,Castelló,ES523
34104646258,1046258,Villar del Arzobispo,ES523
34104646259,1046259,Villargordo del Cabriel,ES523
34104646260,1046260,Vinalesa,ES523
34104646261,1046261,Yátova,ES523
34104646262,1046262,La Yesa,ES523
34104646263,1046263,Zarra,ES523
34104646902,1046902,Gátova,ES523
34104646903,1046903,San Antonio de Benagéber,ES523
34104646904,1046904,Benicull de Xúquer,ES523
34110606001,1106001,Acedera,ES431
34110606002,1106002,Aceuchal,ES431
34110606003,1106003,Ahillones,ES431
34110606004,1106004,Alange,ES431
34110606005,1106005,La Albuera,ES431
34110606006,1106006,Alburquerque,ES431
34110606007,1106007,Alconchel,ES431
34110606008,1106008,Alconera,ES431
34110606009,1106009,Aljucén,ES431
34110606010,1106010,Almendral,ES431
34153131032,1531032,Arguedas,ES220
34111010102,1110102,Ibahernando,ES432
34111010103,1110103,Jaraicejo,ES432
34110606155,1106155,Villar del Rey,ES431
34110606011,1106011,Almendralejo,ES431
34110606012,1106012,Arroyo de San Serván,ES431
34110606013,1106013,Atalaya,ES431
34110606014,1106014,Azuaga,ES431
34110606015,1106015,Badajoz,ES431
34110606016,1106016,Barcarrota,ES431
34110606017,1106017,Baterno,ES431
34153131033,1531033,Aria,ES220
34110606156,1106156,Villar de Rena,ES431
34153131034,1531034,Aribe,ES220
34110606018,1106018,Benquerencia de la Serena,ES431
34110606019,1106019,Berlanga,ES431
34110606020,1106020,Bienvenida,ES431
34110606021,1106021,Bodonal de la Sierra,ES431
34110606022,1106022,Burguillos del Cerro,ES431
34110606023,1106023,Cabeza del Buey,ES431
34110606157,1106157,Villarta de los Montes,ES431
34110606024,1106024,Cabeza la Vaca,ES431
34110606025,1106025,Calamonte,ES431
34110606026,1106026,Calera de León,ES431
34110606027,1106027,Calzadilla de los Barros,ES431
34110606028,1106028,Campanario,ES431
34153131035,1531035,Armañanzas,ES220
34110606158,1106158,Zafra,ES431
34110606159,1106159,Zahínos,ES431
34110606160,1106160,Zalamea de la Serena,ES431
34110606029,1106029,Campillo de Llerena,ES431
34110606161,1106161,Zarza-Capilla,ES431
34110606030,1106030,Capilla,ES431
34111010107,1110107,Jerte,ES432
34111010108,1110108,Ladrillar,ES432
34111010109,1110109,Logrosán,ES432
34111010110,1110110,Losar de la Vera,ES432
34111010111,1110111,Madrigal de la Vera,ES432
34110606031,1106031,Carmonita,ES431
34111010112,1110112,Madrigalejo,ES432
34111010113,1110113,Madroñera,ES432
34110606032,1106032,El Carrascalejo,ES431
34110606033,1106033,Casas de Don Pedro,ES431
34110606162,1106162,La Zarza,ES431
34110606034,1106034,Casas de Reina,ES431
34110606035,1106035,Castilblanco,ES431
34110606036,1106036,Castuera,ES431
34110606901,1106901,Valdelacalzada,ES431
34110606902,1106902,Pueblonuevo del Guadiana,ES431
34110606037,1106037,La Codosera,ES431
34160101034,1601034,Leza,ES211
34160101041,1601041,Navaridas,ES211
34160101902,1601902,Lantarón,ES211
34172626049,1726049,Cihuri,ES230
34172626050,1726050,Cirueña,ES230
34172626077,1726077,Hornillos de Cameros,ES230
34123232077,1232077,Sandiás,ES113
34111010051,1110051,Casares de las Hurdes,ES432
34111010086,1110086,La Granja,ES432
34111010106,1110106,Jarilla,ES432
34111010174,1110174,Segura de Toro,ES432
34111010175,1110175,Serradilla,ES432
34121515090,1215090,Vilasantar,ES111
34121515091,1215091,Vilarmaior,ES111
34121515092,1215092,Vimianzo,ES111
34121515093,1215093,Zas,ES111
34121515901,1215901,Cariño,ES111
34121515902,1215902,Oza-Cesuras,ES111
34122727001,1227001,Abadín,ES112
34123232012,1232012,Os Blancos,ES113
34123232078,1232078,Sarreaus,ES113
34123232079,1232079,Taboadela,ES113
34123232031,1232031,Esgos,ES113
34153153080,1553080,Sierra de Aralar,ES220
34153153081,1553081,Sierra de Lokiz,ES220
34110606127,1106127,Talarrubias,ES431
34110606136,1106136,Usagre,ES431
34110606903,1106903,Guadiana,ES431
34111010013,1110013,La Aldea del Obispo,ES432
34111010018,1110018,Aliseda,ES432
34111010050,1110050,Casar de Palomero,ES432
34111010061,1110061,Ceclavín,ES432
34111010062,1110062,Cedillo,ES432
34111010066,1110066,Conquista de la Sierra,ES432
34111010067,1110067,Coria,ES432
34111010068,1110068,Cuacos de Yuste,ES432
34111010069,1110069,La Cumbre,ES432
34111010070,1110070,Deleitosa,ES432
34111010081,1110081,Gargüera,ES432
34111010082,1110082,Garrovillas de Alconétar,ES432
34111010084,1110084,Gata,ES432
34111010085,1110085,El Gordo,ES432
34111010095,1110095,Herreruela,ES432
34111010104,1110104,Jaraíz de la Vera,ES432
34111010105,1110105,Jarandilla de la Vera,ES432
34111010121,1110121,Miajadas,ES432
34111010140,1110140,Peraleda de la Mata,ES432
34111010150,1110150,Portaje,ES432
34111010151,1110151,Portezuelo,ES432
34111010168,1110168,Santa Marta de Magasca,ES432
34111010169,1110169,Santiago de Alcántara,ES432
34111010173,1110173,Saucedilla,ES432
34111010176,1110176,Serrejón,ES432
34111010178,1110178,Talaván,ES432
34111010181,1110181,Tejeda de Tiétar,ES432
34111010182,1110182,Toril,ES432
34111010189,1110189,Torrejoncillo,ES432
34111010190,1110190,Torrejón el Rubio,ES432
34111010198,1110198,Valdefuentes,ES432
34111010199,1110199,Valdehúncar,ES432
34111010200,1110200,Valdelacasa de Tajo,ES432
34121515007,1215007,A Baña,ES111
34121515012,1215012,Boqueixón,ES111
34121515013,1215013,Brión,ES111
34121515014,1215014,Cabana de Bergantiños,ES111
34121515015,1215015,Cabanas,ES111
34121515016,1215016,Camariñas,ES111
34121515024,1215024,Cerceda,ES111
34121515025,1215025,Cerdido,ES111
34121515027,1215027,Coirós,ES111
34121515028,1215028,Corcubión,ES111
34121515029,1215029,Coristanco,ES111
34121515030,1215030,A Coruña,ES111
34121515042,1215042,Lousame,ES111
34121515043,1215043,Malpica de Bergantiños,ES111
34121515044,1215044,Mañón,ES111
34121515045,1215045,Mazaricos,ES111
34121515076,1215076,San Sadurniño,ES111
34121515077,1215077,Santa Comba,ES111
34121515078,1215078,Santiago de Compostela,ES111
34121515079,1215079,Santiso,ES111
34121515080,1215080,Sobrado,ES111
34121515081,1215081,As Somozas,ES111
34121515082,1215082,Teo,ES111
34121515089,1215089,Vedra,ES111
34122727003,1227003,Antas de Ulla,ES112
34122727012,1227012,Cervantes,ES112
34122727013,1227013,Cervo,ES112
34122727014,1227014,O Corgo,ES112
34122727015,1227015,Cospeito,ES112
34122727016,1227016,Chantada,ES112
34122727017,1227017,Folgoso do Courel,ES112
34122727018,1227018,A Fonsagrada,ES112
34122727019,1227019,Foz,ES112
34122727023,1227023,Guntín,ES112
34172626078,1726078,Hornos de Moncalvillo,ES230
34122727031,1227031,Monforte de Lemos,ES112
34122727035,1227035,Negueira de Muñiz,ES112
34122727040,1227040,Palas de Rei,ES112
34122727041,1227041,Pantón,ES112
34122727045,1227045,Pedrafita do Cebreiro,ES112
34122727047,1227047,A Pobra do Brollón,ES112
34122727048,1227048,A Pontenova,ES112
34122727049,1227049,Portomarín,ES112
34122727050,1227050,Quiroga,ES112
34122727051,1227051,Ribadeo,ES112
34153131122,1531122,Huarte/Uharte,ES220
34122727053,1227053,Ribeira de Piquín,ES112
34122727054,1227054,Riotorto,ES112
34122727055,1227055,Samos,ES112
34122727056,1227056,Rábade,ES112
34122727059,1227059,Sober,ES112
34122727060,1227060,Taboada,ES112
34122727061,1227061,Trabada,ES112
34122727063,1227063,O Valadouro,ES112
34122727064,1227064,O Vicedo,ES112
34122727065,1227065,Vilalba,ES112
34122727066,1227066,Viveiro,ES112
34123232002,1232002,Amoeiro,ES113
34123232003,1232003,A Arnoia,ES113
34123232004,1232004,Avión,ES113
34123232009,1232009,O Barco de Valdeorras,ES113
34123232010,1232010,Beade,ES113
34123232011,1232011,Beariz,ES113
34123232013,1232013,Boborás,ES113
34123232015,1232015,O Bolo,ES113
34123232016,1232016,Calvos de Randín,ES113
34153131155,1531155,Liédena,ES220
34123232017,1232017,Carballeda de Valdeorras,ES113
34123232019,1232019,O Carballiño,ES113
34123232020,1232020,Cartelle,ES113
34123232021,1232021,Castrelo do Val,ES113
34123232024,1232024,Celanova,ES113
34123232036,1232036,Xunqueira de Ambía,ES113
34123232029,1232029,Chandrexa de Queixa,ES113
34123232030,1232030,Entrimo,ES113
34123232037,1232037,Xunqueira de Espadanedo,ES113
34123232032,1232032,Xinzo de Limia,ES113
34123232055,1232055,Paderne de Allariz,ES113
34123232056,1232056,Padrenda,ES113
34123232034,1232034,A Gudiña,ES113
34123232035,1232035,O Irixo,ES113
34123232044,1232044,Manzaneda,ES113
34123232048,1232048,A Mezquita,ES113
34123232049,1232049,Montederramo,ES113
34123232050,1232050,Monterrei,ES113
34123232051,1232051,Muíños,ES113
34123232054,1232054,Ourense,ES113
34123232073,1232073,Rubiá,ES113
34123232076,1232076,San Cristovo de Cea,ES113
34123232083,1232083,A Veiga,ES113
34123232085,1232085,Verín,ES113
34123232086,1232086,Viana do Bolo,ES113
34123232087,1232087,Vilamarín,ES113
34123636044,1236044,Pontecesures,ES114
34123232092,1232092,Vilariño de Conso,ES113
34123636045,1236045,Redondela,ES114
34123636001,1236001,Arbo,ES114
34123636005,1236005,Caldas de Reis,ES114
34123636006,1236006,Cambados,ES114
34132828019,1328019,Belmonte de Tajo,ES300
34132828020,1328020,Berzosa del Lozoya,ES300
34123636007,1236007,Campo Lameiro,ES114
34123636008,1236008,Cangas,ES114
34132828021,1328021,El Berrueco,ES300
34123636009,1236009,A Cañiza,ES114
34153131172,1531172,Monreal/Elo,ES220
34123636010,1236010,Catoira,ES114
34153131100,1531100,Eulate,ES220
34123636014,1236014,Crecente,ES114
34123636015,1236015,Cuntis,ES114
34153131173,1531173,Monteagudo,ES220
34123636018,1236018,Forcarei,ES114
34123636019,1236019,Fornelos de Montes,ES114
34123636020,1236020,Agolada,ES114
34153131174,1531174,Morentin,ES220
34123636025,1236025,A Lama,ES114
34123636026,1236026,Marín,ES114
34123636028,1236028,Meis,ES114
34123636029,1236029,Moaña,ES114
34172626138,1726138,Santo Domingo de la Calzada,ES230
34123636030,1236030,Mondariz,ES114
34123636031,1236031,Mondariz-Balneario,ES114
34123636032,1236032,Moraña,ES114
34132828048,1328048,Corpa,ES300
34123636034,1236034,As Neves,ES114
34123636035,1236035,Nigrán,ES114
34123636036,1236036,Oia,ES114
34132828102,1328102,Orusco de Tajuña,ES300
34132828104,1328104,Paracuellos de Jarama,ES300
34132828106,1328106,Parla,ES300
34132828107,1328107,Patones,ES300
34132828108,1328108,Pedrezuela,ES300
34123636042,1236042,Ponteareas,ES114
34132828109,1328109,Pelayos de la Presa,ES300
34123636043,1236043,Ponte Caldelas,ES114
34132828165,1328165,Valdilecha,ES300
34123636046,1236046,Ribadumia,ES114
34172626139,1726139,San Torcuato,ES230
34123636047,1236047,Rodeiro,ES114
34123636050,1236050,Salvaterra de Miño,ES114
34123636051,1236051,Sanxenxo,ES114
34123636052,1236052,Silleda,ES114
34132828018,1328018,Becerril de la Sierra,ES300
34172626140,1726140,Santurde de Rioja,ES230
34132828022,1328022,Boadilla del Monte,ES300
34132828023,1328023,El Boalo,ES300
34132828046,1328046,Collado Mediano,ES300
34132828047,1328047,Collado Villalba,ES300
34172626141,1726141,Santurdejo,ES230
34132828049,1328049,Coslada,ES300
34132828169,1328169,Venturada,ES300
34132828059,1328059,Fuente el Saz de Jarama,ES300
34132828060,1328060,Fuentidueña de Tajo,ES300
34132828061,1328061,Galapagar,ES300
34132828062,1328062,Garganta de los Montes,ES300
34132828063,1328063,Gargantilla del Lozoya y Pinilla de Buitrago,ES300
34132828064,1328064,Gascones,ES300
34132828065,1328065,Getafe,ES300
34132828074,1328074,Leganés,ES300
34132828075,1328075,Loeches,ES300
34132828076,1328076,Lozoya,ES300
34132828078,1328078,Madarcos,ES300
34132828079,1328079,Madrid,ES300
34132828080,1328080,Majadahonda,ES300
34132828082,1328082,Manzanares el Real,ES300
34153131175,1531175,Mues,ES220
34132828090,1328090,Moralzarzal,ES300
34132828093,1328093,Navacerrada,ES300
34153131196,1531196,Orbara,ES220
34132828097,1328097,Navarredonda y San Mamés,ES300
34132828099,1328099,Navas del Rey,ES300
34132853057,1353057,Los Baldios,ES300
34132853058,1353058,El Redegüelo,ES300
34132828100,1328100,Nuevo Baztán,ES300
34143030001,1430001,Abanilla,ES620
34143030002,1430002,Abarán,ES620
34143030003,1430003,Águilas,ES620
34143030004,1430004,Albudeite,ES620
34153131197,1531197,Orísoain,ES220
34132828101,1328101,Olmeda de las Fuentes,ES300
34153131026,1531026,Aras,ES220
34132828110,1328110,Perales de Tajuña,ES300
34153131040,1531040,Atez/Atetz,ES220
34132828111,1328111,Pezuela de las Torres,ES300
34153131041,1531041,Ayegui/Aiegi,ES220
34132828112,1328112,Pinilla del Valle,ES300
34132828113,1328113,Pinto,ES300
34132828114,1328114,Piñuécar-Gandullas,ES300
34132828121,1328121,Redueña,ES300
34132828122,1328122,Ribatejada,ES300
34132828123,1328123,Rivas-Vaciamadrid,ES300
34132828124,1328124,Robledillo de la Jara,ES300
34132828125,1328125,Robledo de Chavela,ES300
34132828126,1328126,Robregordo,ES300
34132828127,1328127,Las Rozas de Madrid,ES300
34132828128,1328128,Rozas de Puerto Real,ES300
34132828129,1328129,San Agustín del Guadalix,ES300
34132828130,1328130,San Fernando de Henares,ES300
34132828131,1328131,San Lorenzo de El Escorial,ES300
34132828132,1328132,San Martín de la Vega,ES300
34132828133,1328133,San Martín de Valdeiglesias,ES300
34132828134,1328134,San Sebastián de los Reyes,ES300
34132828135,1328135,Santa María de la Alameda,ES300
34132828141,1328141,Sevilla la Nueva,ES300
34153131229,1531229,Tirapu,ES220
34132828143,1328143,Somosierra,ES300
34153131101,1531101,Ezcabarte,ES220
34132828144,1328144,Soto del Real,ES300
34132828145,1328145,Talamanca de Jarama,ES300
34132828148,1328148,Torrejón de Ardoz,ES300
34132828149,1328149,Torrejón de la Calzada,ES300
34132828150,1328150,Torrejón de Velasco,ES300
34132828151,1328151,Torrelaguna,ES300
34132828152,1328152,Torrelodones,ES300
34132828153,1328153,Torremocha de Jarama,ES300
34132828154,1328154,Torres de la Alameda,ES300
34132828163,1328163,Valdepiélagos,ES300
34132828164,1328164,Valdetorres de Jarama,ES300
34132828167,1328167,Velilla de San Antonio,ES300
34153131056,1531056,Biurrun-Olcoz,ES220
34132828168,1328168,El Vellón,ES300
34132828180,1328180,Villarejo de Salvanés,ES300
34132828181,1328181,Villaviciosa de Odón,ES300
34132828182,1328182,Villavieja del Lozoya,ES300
34132828183,1328183,Zarzalejo,ES300
34153131230,1531230,Torralba del Río,ES220
34132828901,1328901,Lozoyuela-Navas-Sieteiglesias,ES300
34132828902,1328902,Puentes Viejas,ES300
34132828903,1328903,Tres Cantos,ES300
34143030005,1430005,Alcantarilla,ES620
34143030006,1430006,Aledo,ES620
34143030007,1430007,Alguazas,ES620
34143030008,1430008,Alhama de Murcia,ES620
34143030009,1430009,Archena,ES620
34143030010,1430010,Beniel,ES620
34143030011,1430011,Blanca,ES620
34143030012,1430012,Bullas,ES620
34143030013,1430013,Calasparra,ES620
34143030014,1430014,Campos del Río,ES620
34143030015,1430015,Caravaca de la Cruz,ES620
34143030016,1430016,Cartagena,ES620
34143030017,1430017,Cehegín,ES620
34153153083,1553083,"Facería de Cogullo Alto, Cogullo Bajo, Sarmindieta y Chandivar",ES220
34143030018,1430018,Ceutí,ES620
34143030019,1430019,Cieza,ES620
34143030020,1430020,Fortuna,ES620
34143030021,1430021,Fuente Álamo de Murcia,ES620
34143030022,1430022,Jumilla,ES620
34143030023,1430023,Librilla,ES620
34143030024,1430024,Lorca,ES620
34160101008,1601008,Arratzua-Ubarrundia,ES211
34143030038,1430038,Las Torres de Cotillas,ES620
34143030039,1430039,Totana,ES620
34143030040,1430040,Ulea,ES620
34143030041,1430041,La Unión,ES620
34153131015,1531015,Andosilla,ES220
34153131016,1531016,Ansoáin/Antsoain,ES220
34153131017,1531017,Anue,ES220
34153131057,1531057,Buñuel,ES220
34153131024,1531024,Arano,ES220
34153131121,1531121,Guirguillano,ES220
34153131025,1531025,Arakil,ES220
34153131038,1531038,Artajona,ES220
34153131039,1531039,Artazu,ES220
34153131054,1531054,Bertizarana,ES220
34153131055,1531055,Betelu,ES220
34153131062,1531062,Cabanillas,ES220
34153131063,1531063,Cabredo,ES220
34153131068,1531068,Cascante,ES220
34153131076,1531076,Cizur,ES220
34153131080,1531080,Dicastillo,ES220
34153131081,1531081,Donamaria,ES220
34153131082,1531082,Etxalar,ES220
34153131083,1531083,Echarri/Etxarri,ES220
34153131084,1531084,Etxarri Aranatz,ES220
34153131085,1531085,Etxauri,ES220
34153131086,1531086,Valle de Egüés/Eguesibar,ES220
34153131087,1531087,Elgorriaga,ES220
34153131088,1531088,Noáin (Valle de Elorz)/Noain (Elortzibar),ES220
34153131089,1531089,Enériz/Eneritz,ES220
34153131091,1531091,Ergoiena,ES220
34153131097,1531097,Estella-Lizarra,ES220
34153131092,1531092,Erro,ES220
34153131099,1531099,Etayo,ES220
34153131095,1531095,Esparza de Salazar/Espartza Zaraitzu,ES220
34153131096,1531096,Espronceda,ES220
34162020024,1620024,Bidania-Goiatz,ES212
34153131098,1531098,Esteribar,ES220
34153131108,1531108,Fustiñana,ES220
34153131109,1531109,Galar,ES220
34162020025,1620025,Zegama,ES212
34153131120,1531120,Guesálaz/Gesalatz,ES220
34162020026,1620026,Zerain,ES212
34153131134,1531134,Jaurrieta,ES220
34153131161,1531161,Mañeru,ES220
34153131137,1531137,Beintza-Labaien,ES220
34153131162,1531162,Marañón,ES220
34153131163,1531163,Marcilla,ES220
34153131149,1531149,Leitza,ES220
34153131150,1531150,Leoz/Leotz,ES220
34153131151,1531151,Lerga,ES220
34153131152,1531152,Lerín,ES220
34153131171,1531171,Miranda de Arga,ES220
34153131153,1531153,Lesaka,ES220
34153131154,1531154,Lezaun,ES220
34153131156,1531156,Lizoain-Arriasgoiti/Lizoainibar-Arriasgoiti,ES220
34153131158,1531158,Lónguida/Longida,ES220
34153131159,1531159,Lumbier,ES220
34153131160,1531160,Luquin,ES220
34153131169,1531169,Milagro,ES220
34153131170,1531170,Mirafuentes,ES220
34153131191,1531191,Olite/Erriberri,ES220
34153131195,1531195,Orbaizeta,ES220
34153131199,1531199,Oroz-Betelu/Orotz-Betelu,ES220
34153131231,1531231,Torres del Río,ES220
34153131232,1531232,Tudela,ES220
34153131200,1531200,Oteiza,ES220
34153131201,1531201,Pamplona/Iruña,ES220
34153131202,1531202,Peralta/Azkoien,ES220
34153131253,1531253,Bidaurreta,ES220
34153131254,1531254,Villafranca,ES220
34153131206,1531206,Puente la Reina/Gares,ES220
34153131207,1531207,Pueyo/Puiu,ES220
34153131216,1531216,Sangüesa/Zangoza,ES220
34162020062,1620062,Ormaiztegi,ES212
34162020063,1620063,Oiartzun,ES212
34162020064,1620064,Pasaia,ES212
34153131224,1531224,Sesma,ES220
34153131225,1531225,Sorlada,ES220
34153131227,1531227,Tafalla,ES220
34153131228,1531228,Tiebas-Muruarte de Reta,ES220
34153131248,1531248,Luzaide/Valcarlos,ES220
34153131249,1531249,Valtierra,ES220
34153131255,1531255,Villamayor de Monjardín,ES220
34153131250,1531250,Bera,ES220
34153131256,1531256,Hiriberri/Villanueva de Aezkoa,ES220
34153131251,1531251,Viana,ES220
34153131252,1531252,Vidángoz/Bidankoze,ES220
34153131902,1531902,Berrioplano/Berriobeiti,ES220
34153131903,1531903,Berriozar,ES220
34153153067,1553067,Comunidad del Valle de Salazar,ES220
34153131904,1531904,Irurtzun,ES220
34153131905,1531905,Beriáin,ES220
34153153068,1553068,Facero de Aristregui,ES220
34153153069,1553069,Facero de Ujué y Lerga,ES220
34153153070,1553070,Facería de Ayarza,ES220
34153153078,1553078,Bardenas Reales,ES220
34153153063,1553063,Monte Comunal de las Limitaciones de las Améscoas,ES220
34153153064,1553064,Facería de Ezcabarte y otros,ES220
34153153065,1553065,Facería de Aldape,ES220
34153153066,1553066,Facería de Montejurra,ES220
34160101003,1601003,Aramaio,ES211
34160101004,1601004,Artziniega,ES211
34160101006,1601006,Armiñón,ES211
34160101009,1601009,Asparrena,ES211
34160101010,1601010,Ayala/Aiara,ES211
34160101013,1601013,Barrundia,ES211
34160101016,1601016,Bernedo,ES211
34160101017,1601017,Campezo/Kanpezu,ES211
34160101018,1601018,Zigoitia,ES211
34160101019,1601019,Kripan,ES211
34160101020,1601020,Kuartango,ES211
34160101032,1601032,Lanciego/Lantziego,ES211
34160101021,1601021,Elburgo/Burgelu,ES211
34160101033,1601033,Lapuebla de Labarca,ES211
34160101027,1601027,Iruraiz-Gauna,ES211
34160101028,1601028,Labastida/Bastida,ES211
34160101030,1601030,Lagrán,ES211
34160101031,1601031,Laguardia,ES211
34160101036,1601036,Laudio/Llodio,ES211
34172626016,1726016,Arenzana de Arriba,ES230
34160101037,1601037,Arraia-Maeztu,ES211
34160101039,1601039,Moreda de Álava/Moreda Araba,ES211
34160101042,1601042,Okondo,ES211
34160101044,1601044,Peñacerrada-Urizaharra,ES211
34160153001,1653001,Comunidad de la Sierra Brava de Badaya,ES211
34160101046,1601046,Erriberagoitia/Ribera Alta,ES211
34160101054,1601054,Urkabustaiz,ES211
34160101055,1601055,Valdegovía/Gaubea,ES211
34162020065,1620065,Soraluze-Placencia de las Armas,ES212
34160101058,1601058,Legutio,ES211
34160101059,1601059,Vitoria-Gasteiz,ES211
34160101060,1601060,Yécora/Iekora,ES211
34162020906,1620906,Altzaga,ES212
34160101062,1601062,Zambrana,ES211
34162020011,1620011,Antzuola,ES212
34160101063,1601063,Zuia,ES211
34160101901,1601901,Iruña Oka/Iruña de Oca,ES211
34162020009,1620009,Andoain,ES212
34162020010,1620010,Anoeta,ES212
34162020012,1620012,Arama,ES212
34162020013,1620013,Aretxabaleta,ES212
34162020014,1620014,Asteasu,ES212
34164848005,1648005,Arakaldo,ES213
34164848006,1648006,Arantzazu,ES213
34162020015,1620015,Ataun,ES212
34162020016,1620016,Aia,ES212
34164848014,1648014,Barrika,ES213
34162020017,1620017,Azkoitia,ES212
34162020020,1620020,Beizama,ES212
34164848026,1648026,Dima,ES213
34162020018,1620018,Azpeitia,ES212
34162020021,1620021,Belauntza,ES212
34162020019,1620019,Beasain,ES212
34162020023,1620023,Berrobi,ES212
34162020022,1620022,Berastegi,ES212
34162020027,1620027,Zestoa,ES212
34162020028,1620028,Zizurkil,ES212
34162020029,1620029,Deba,ES212
34162020031,1620031,Elduain,ES212
34172626020,1726020,Ausejo,ES230
34162020045,1620045,Irun,ES212
34162020046,1620046,Irura,ES212
34172626062,1726062,Foncea,ES230
34162020059,1620059,Oñati,ES212
34162020060,1620060,Orexa,ES212
34162020061,1620061,Orio,ES212
34162020073,1620073,Usurbil,ES212
34162020074,1620074,Bergara,ES212
34162020901,1620901,Mendaro,ES212
34162020902,1620902,Lasarte-Oria,ES212
34162020903,1620903,Astigarraga,ES212
34162020904,1620904,Baliarrain,ES212
34162020905,1620905,Orendain,ES212
34164848002,1648002,Abanto y Ciérvana-Abanto Zierbena,ES213
34164848003,1648003,Amorebieta-Etxano,ES213
34164848031,1648031,Elantxobe,ES213
34164848032,1648032,Elorrio,ES213
34164848004,1648004,Amoroto,ES213
34164848033,1648033,Ereño,ES213
34164848034,1648034,Ermua,ES213
34164848035,1648035,Fruiz,ES213
34164848036,1648036,Galdakao,ES213
34164848037,1648037,Galdames,ES213
34164848038,1648038,Gamiz-Fika,ES213
34164848007,1648007,Munitibar-Arbatzegi Gerrikaitz,ES213
34164848051,1648051,Lanestosa,ES213
34164848052,1648052,Larrabetzu,ES213
34164848053,1648053,Laukiz,ES213
34164848008,1648008,Artzentales,ES213
34164848090,1648090,Balmaseda,ES213
34164848009,1648009,Arrankudiaga-Zollo,ES213
34164848010,1648010,Arrieta,ES213
34164848011,1648011,Arrigorriaga,ES213
34164848012,1648012,Bakio,ES213
34164848013,1648013,Barakaldo,ES213
34164848023,1648023,Artea,ES213
34164848024,1648024,Zeanuri,ES213
34164848025,1648025,Zeberio,ES213
34164848029,1648029,Etxebarri,ES213
34164848030,1648030,Etxebarria,ES213
34164848047,1648047,Gizaburuaga,ES213
34164848048,1648048,Ibarrangelu,ES213
34164848049,1648049,Ispaster,ES213
34164848050,1648050,Izurtza,ES213
34164848054,1648054,Leioa,ES213
34164848055,1648055,Lemoa,ES213
34164848056,1648056,Lemoiz,ES213
34164848908,1648908,Murueta,ES213
34164848057,1648057,Lekeitio,ES213
34164848909,1648909,Nabarniz,ES213
34164848063,1648063,Mendexa,ES213
34164848064,1648064,Meñaka,ES213
34164848065,1648065,Ugao-Miraballes,ES213
34164848066,1648066,Morga,ES213
34164848067,1648067,Muxika,ES213
34164848910,1648910,Iurreta,ES213
34164848911,1648911,Ajangiz,ES213
34164848912,1648912,Alonsotegi,ES213
34164848913,1648913,Zierbena,ES213
34164848914,1648914,Arratzu,ES213
34164848915,1648915,Ziortza-Bolibar,ES213
34164848068,1648068,Mundaka,ES213
34164848069,1648069,Mungia,ES213
34164848070,1648070,Aulesti,ES213
34164848071,1648071,Muskiz,ES213
34164848072,1648072,Otxandio,ES213
34164848073,1648073,Ondarroa,ES213
34172626001,1726001,Ábalos,ES230
34164848081,1648081,Lezama,ES213
34172626006,1726006,Alberite,ES230
34164848085,1648085,Sopela,ES213
34164848086,1648086,Sopuerta,ES213
34164848088,1648088,Ubide,ES213
34172626012,1726012,Almarza de Cameros,ES230
34164848089,1648089,Urduliz,ES213
34164848091,1648091,Atxondo,ES213
34164848092,1648092,Bedia,ES213
34164848093,1648093,Areatza,ES213
34164848094,1648094,Igorre,ES213
34164848095,1648095,Zaldibar,ES213
34164848096,1648096,Zalla,ES213
34172626013,1726013,Anguciana,ES230
34164848904,1648904,Sondika,ES213
34164848905,1648905,Zamudio,ES213
34164848906,1648906,Forua,ES213
34164848907,1648907,Kortezubi,ES213
34172626002,1726002,Agoncillo,ES230
34172626015,1726015,Arenzana de Abajo,ES230
34172626004,1726004,Ajamil de Cameros,ES230
34172626005,1726005,Albelda de Iregua,ES230
34172626011,1726011,Alfaro,ES230
34172626014,1726014,Anguiano,ES230
34172626018,1726018,Arnedo,ES230
34172626019,1726019,Arrúbal,ES230
34172626027,1726027,Berceo,ES230
34172626037,1726037,Camprovín,ES230
34172626032,1726032,Brieva de Cameros,ES230
34172626033,1726033,Briñas,ES230
34172626063,1726063,Fonzaleche,ES230
34172626034,1726034,Briones,ES230
34172626035,1726035,Cabezón de Cameros,ES230
34172626073,1726073,Herramélluri,ES230
34172626036,1726036,Calahorra,ES230
34172626048,1726048,Cidamón,ES230
34172626047,1726047,Cervera del Río Alhama,ES230
34172626054,1726054,Cornago,ES230
34172626055,1726055,Corporales,ES230
34172626074,1726074,Hervías,ES230
34172626061,1726061,Ezcaray,ES230
34172626075,1726075,Hormilla,ES230
34172626064,1726064,Fuenmayor,ES230
34172626065,1726065,Galbárruli,ES230
34172626076,1726076,Hormilleja,ES230
34172626071,1726071,Haro,ES230
34172626072,1726072,Herce,ES230
34172626080,1726080,Igea,ES230
34172626081,1726081,Jalón de Cameros,ES230
34172626089,1726089,Logroño,ES230
34172626093,1726093,Mansilla de la Sierra,ES230
34172626094,1726094,Manzanares de Rioja,ES230
34172626098,1726098,Munilla,ES230
34172626099,1726099,Murillo de Río Leza,ES230
34172626102,1726102,Nájera,ES230
34172626144,1726144,Sorzano,ES230
34172626108,1726108,Ocón,ES230
34172626109,1726109,Ochánduri,ES230
34172626129,1726129,San Asensio,ES230
34172626145,1726145,Sotés,ES230
34172626130,1726130,San Millán de la Cogolla,ES230
34172626131,1726131,San Millán de Yécora,ES230
34172626135,1726135,Santa Engracia del Jubera,ES230
34172626136,1726136,Santa Eulalia Bajera,ES230
34172626142,1726142,San Vicente de la Sonsierra,ES230
34172626143,1726143,Sojuela,ES230
34172626164,1726164,Ventrosa,ES230
34172626177,1726177,Villoslada de Cameros,ES230
34172626179,1726179,Viniegra de Arriba,ES230
34172626178,1726178,Viniegra de Abajo,ES230
